2025-12-06 09:50:23,153 [INFO] Activator:177 - 


2025-12-06 09:50:23,154 [INFO] Activator:178 - !SESSION log4j initialized
2025-12-06 09:50:30,661 [INFO] McuFinderGlobals:39 - Set McuFinder mode to 2 (CubeIDE integrated)
2025-12-06 09:50:31,829 [INFO] ApplicationProperties:181 - Using Application install path: D:\STM32CubeIDE_1.7.0\STM32CubeIDE\plugins\com.st.stm32cube.common.mx_6.3.0.202107141111
2025-12-06 09:50:31,836 [INFO] DbMcusXml:74 - Set database path to: D:\STM32CubeIDE_1.7.0\STM32CubeIDE\plugins\com.st.stm32cube.common.mx_6.3.0.202107141111\\db\/mcu/
2025-12-06 09:50:31,838 [INFO] DbBoardsPdsc:56 - Set plugin database path to: D:\STM32CubeIDE_1.7.0\STM32CubeIDE\plugins\com.st.stm32cube.common.mx_6.3.0.202107141111\\db\/plugins/boardmanager/
2025-12-06 09:50:31,838 [INFO] DbMcus:258 - Set plugin images path to: D:\STM32CubeIDE_1.7.0\STM32CubeIDE\plugins\com.st.stm32cube.common.mx_6.3.0.202107141111\\db\/plugins/mcufinder/images/
2025-12-06 09:50:31,838 [INFO] DbBoards:264 - Set plugin images path to: D:\STM32CubeIDE_1.7.0\STM32CubeIDE\plugins\com.st.stm32cube.common.mx_6.3.0.202107141111\\db\/plugins/mcufinder/images/
2025-12-06 09:50:31,839 [INFO] DbExamples:333 - Set plugin images path to: D:\STM32CubeIDE_1.7.0\STM32CubeIDE\plugins\com.st.stm32cube.common.mx_6.3.0.202107141111\\db\/plugins/mcufinder/images/
2025-12-06 09:50:31,842 [INFO] DbMcusAds:119 - Set database path to: C:\Users\Sang\.stmcufinder\plugins\mcufinder//mcu/
2025-12-06 09:50:31,842 [INFO] DbMcusDocs:110 - Set database path to: C:\Users\Sang\.stmcufinder\plugins\mcufinder//mcu/
2025-12-06 09:50:31,843 [INFO] DbMcusJson:64 - Set database path to: C:\Users\Sang\.stmcufinder\plugins\mcufinder//mcu/
2025-12-06 09:50:31,843 [INFO] DbBoardsDocs:110 - Set database path to: C:\Users\Sang\.stmcufinder\plugins\mcufinder//mcu/
2025-12-06 09:50:31,844 [INFO] DbBoardsJson:57 - Set database path to: C:\Users\Sang\.stmcufinder\plugins\mcufinder//mcu/
2025-12-06 09:50:31,846 [INFO] CrossReferenceDbSqlite:196 - Set database path to: C:\Users\Sang\.stmcufinder\plugins\mcufinder//mcu/cs/
2025-12-06 09:50:31,848 [INFO] DbExamplesSqlite:767 - Set database path to: C:\Users\Sang\.stmcufinder\plugins\mcufinder//mcu/
2025-12-06 09:50:31,905 [INFO] RulesReader:57 - Compatibility file has been processed (242 Rules)
2025-12-06 09:50:31,950 [INFO] DbMcusXml:74 - Set database path to: D:\STM32CubeIDE_1.7.0\STM32CubeIDE\plugins\com.st.stm32cube.common.mx_6.3.0.202107141111\\db\/mcu/
2025-12-06 09:50:31,951 [INFO] DbBoardsPdsc:56 - Set plugin database path to: D:\STM32CubeIDE_1.7.0\STM32CubeIDE\plugins\com.st.stm32cube.common.mx_6.3.0.202107141111\\db\/plugins/boardmanager/
2025-12-06 09:50:31,951 [INFO] DbMcus:258 - Set plugin images path to: D:\STM32CubeIDE_1.7.0\STM32CubeIDE\plugins\com.st.stm32cube.common.mx_6.3.0.202107141111\\db\/plugins/mcufinder/images/
2025-12-06 09:50:31,951 [INFO] DbBoards:264 - Set plugin images path to: D:\STM32CubeIDE_1.7.0\STM32CubeIDE\plugins\com.st.stm32cube.common.mx_6.3.0.202107141111\\db\/plugins/mcufinder/images/
2025-12-06 09:50:31,951 [INFO] DbExamples:333 - Set plugin images path to: D:\STM32CubeIDE_1.7.0\STM32CubeIDE\plugins\com.st.stm32cube.common.mx_6.3.0.202107141111\\db\/plugins/mcufinder/images/
2025-12-06 09:50:31,951 [WARN] DbFile:35 - Overriding database path with different value: C:\Users\Sang\.stmcufinder\plugins\mcufinder/ => C:\Users\Sang\.stmcufinder\plugins\mcufinder
2025-12-06 09:50:31,951 [INFO] DbMcusAds:119 - Set database path to: C:\Users\Sang\.stmcufinder\plugins\mcufinder//mcu/
2025-12-06 09:50:31,952 [WARN] DbFile:35 - Overriding database path with different value: C:\Users\Sang\.stmcufinder\plugins\mcufinder/ => C:\Users\Sang\.stmcufinder\plugins\mcufinder
2025-12-06 09:50:31,952 [INFO] DbMcusDocs:110 - Set database path to: C:\Users\Sang\.stmcufinder\plugins\mcufinder//mcu/
2025-12-06 09:50:31,952 [WARN] DbFile:35 - Overriding database path with different value: C:\Users\Sang\.stmcufinder\plugins\mcufinder/ => C:\Users\Sang\.stmcufinder\plugins\mcufinder
2025-12-06 09:50:31,952 [INFO] DbMcusJson:64 - Set database path to: C:\Users\Sang\.stmcufinder\plugins\mcufinder//mcu/
2025-12-06 09:50:31,952 [WARN] DbFile:35 - Overriding database path with different value: C:\Users\Sang\.stmcufinder\plugins\mcufinder/ => C:\Users\Sang\.stmcufinder\plugins\mcufinder
2025-12-06 09:50:31,952 [INFO] DbBoardsDocs:110 - Set database path to: C:\Users\Sang\.stmcufinder\plugins\mcufinder//mcu/
2025-12-06 09:50:31,952 [WARN] DbFile:35 - Overriding database path with different value: C:\Users\Sang\.stmcufinder\plugins\mcufinder/ => C:\Users\Sang\.stmcufinder\plugins\mcufinder
2025-12-06 09:50:31,952 [INFO] DbBoardsJson:57 - Set database path to: C:\Users\Sang\.stmcufinder\plugins\mcufinder//mcu/
2025-12-06 09:50:31,952 [WARN] DbFile:35 - Overriding database path with different value: C:\Users\Sang\.stmcufinder\plugins\mcufinder/ => C:\Users\Sang\.stmcufinder\plugins\mcufinder
2025-12-06 09:50:31,952 [WARN] DbFile:35 - Overriding database path with different value: C:\Users\Sang\.stmcufinder\plugins\mcufinder/ => C:\Users\Sang\.stmcufinder\plugins\mcufinder
2025-12-06 09:50:31,952 [INFO] CrossReferenceDbSqlite:196 - Set database path to: C:\Users\Sang\.stmcufinder\plugins\mcufinder//mcu/cs/
2025-12-06 09:50:31,952 [WARN] DbFile:35 - Overriding database path with different value: C:\Users\Sang\.stmcufinder\plugins\mcufinder/ => C:\Users\Sang\.stmcufinder\plugins\mcufinder
2025-12-06 09:50:31,952 [INFO] DbExamplesSqlite:767 - Set database path to: C:\Users\Sang\.stmcufinder\plugins\mcufinder//mcu/
2025-12-06 09:50:31,988 [INFO] MainPanel:214 - HeapMemory: 268435456
2025-12-06 09:50:32,042 [INFO] DbMcusXml:74 - Set database path to: D:\STM32CubeIDE_1.7.0\STM32CubeIDE\plugins\com.st.stm32cube.common.mx_6.3.0.202107141111\\db\/mcu/
2025-12-06 09:50:32,043 [INFO] DbBoardsPdsc:56 - Set plugin database path to: D:\STM32CubeIDE_1.7.0\STM32CubeIDE\plugins\com.st.stm32cube.common.mx_6.3.0.202107141111\\db\/plugins/boardmanager/
2025-12-06 09:50:32,043 [INFO] DbMcus:258 - Set plugin images path to: D:\STM32CubeIDE_1.7.0\STM32CubeIDE\plugins\com.st.stm32cube.common.mx_6.3.0.202107141111\\db\/plugins/mcufinder/images/
2025-12-06 09:50:32,043 [INFO] DbBoards:264 - Set plugin images path to: D:\STM32CubeIDE_1.7.0\STM32CubeIDE\plugins\com.st.stm32cube.common.mx_6.3.0.202107141111\\db\/plugins/mcufinder/images/
2025-12-06 09:50:32,043 [INFO] DbExamples:333 - Set plugin images path to: D:\STM32CubeIDE_1.7.0\STM32CubeIDE\plugins\com.st.stm32cube.common.mx_6.3.0.202107141111\\db\/plugins/mcufinder/images/
2025-12-06 09:50:32,043 [WARN] DbFile:35 - Overriding database path with different value: C:\Users\Sang\.stmcufinder\plugins\mcufinder/ => C:\Users\Sang\.stmcufinder\plugins\mcufinder
2025-12-06 09:50:32,043 [INFO] DbMcusAds:119 - Set database path to: C:\Users\Sang\.stmcufinder\plugins\mcufinder//mcu/
2025-12-06 09:50:32,043 [WARN] DbFile:35 - Overriding database path with different value: C:\Users\Sang\.stmcufinder\plugins\mcufinder/ => C:\Users\Sang\.stmcufinder\plugins\mcufinder
2025-12-06 09:50:32,043 [INFO] DbMcusDocs:110 - Set database path to: C:\Users\Sang\.stmcufinder\plugins\mcufinder//mcu/
2025-12-06 09:50:32,043 [WARN] DbFile:35 - Overriding database path with different value: C:\Users\Sang\.stmcufinder\plugins\mcufinder/ => C:\Users\Sang\.stmcufinder\plugins\mcufinder
2025-12-06 09:50:32,043 [INFO] DbMcusJson:64 - Set database path to: C:\Users\Sang\.stmcufinder\plugins\mcufinder//mcu/
2025-12-06 09:50:32,043 [WARN] DbFile:35 - Overriding database path with different value: C:\Users\Sang\.stmcufinder\plugins\mcufinder/ => C:\Users\Sang\.stmcufinder\plugins\mcufinder
2025-12-06 09:50:32,043 [INFO] DbBoardsDocs:110 - Set database path to: C:\Users\Sang\.stmcufinder\plugins\mcufinder//mcu/
2025-12-06 09:50:32,043 [WARN] DbFile:35 - Overriding database path with different value: C:\Users\Sang\.stmcufinder\plugins\mcufinder/ => C:\Users\Sang\.stmcufinder\plugins\mcufinder
2025-12-06 09:50:32,043 [INFO] DbBoardsJson:57 - Set database path to: C:\Users\Sang\.stmcufinder\plugins\mcufinder//mcu/
2025-12-06 09:50:32,043 [WARN] DbFile:35 - Overriding database path with different value: C:\Users\Sang\.stmcufinder\plugins\mcufinder/ => C:\Users\Sang\.stmcufinder\plugins\mcufinder
2025-12-06 09:50:32,044 [WARN] DbFile:35 - Overriding database path with different value: C:\Users\Sang\.stmcufinder\plugins\mcufinder/ => C:\Users\Sang\.stmcufinder\plugins\mcufinder
2025-12-06 09:50:32,044 [INFO] CrossReferenceDbSqlite:196 - Set database path to: C:\Users\Sang\.stmcufinder\plugins\mcufinder//mcu/cs/
2025-12-06 09:50:32,044 [WARN] DbFile:35 - Overriding database path with different value: C:\Users\Sang\.stmcufinder\plugins\mcufinder/ => C:\Users\Sang\.stmcufinder\plugins\mcufinder
2025-12-06 09:50:32,044 [INFO] DbExamplesSqlite:767 - Set database path to: C:\Users\Sang\.stmcufinder\plugins\mcufinder//mcu/
2025-12-06 09:50:32,054 [INFO] ApplicationProperties:181 - Using Application install path: D:\STM32CubeIDE_1.7.0\STM32CubeIDE\plugins\com.st.stm32cube.common.mx_6.3.0.202107141111
2025-12-06 09:50:32,055 [INFO] PluginManage:188 - Search for loadable plugins [exclusion list=, ]
2025-12-06 09:50:32,056 [INFO] PluginManage:302 - Check plugin analytics
2025-12-06 09:50:37,130 [INFO] AnalyticsPlugin:257 - Accepted Software Licenses: 
2025-12-06 09:50:37,130 [INFO] AnalyticsPlugin:259 - Accepted CMSIS Pack Licenses: 
2025-12-06 09:50:37,130 [INFO] AnalyticsPlugin:261 - Accepted Firmware Licenses: 
2025-12-06 09:50:37,131 [INFO] PluginManage:352 - Loaded plugin analytics (category:tool,tabindex:-1)
2025-12-06 09:50:37,131 [INFO] PluginManage:302 - Check plugin clock
2025-12-06 09:50:37,150 [INFO] PluginManage:352 - Loaded plugin clock (category:base,tabindex:2)
2025-12-06 09:50:37,151 [INFO] PluginManage:302 - Check plugin ddr
2025-12-06 09:50:37,151 [INFO] PluginManage:352 - Loaded plugin ddr (category:tool,tabindex:6)
2025-12-06 09:50:37,152 [INFO] PluginManage:302 - Check plugin filemanager
2025-12-06 09:50:37,222 [INFO] PluginManage:352 - Loaded plugin filemanager (category:base,tabindex:10)
2025-12-06 09:50:37,223 [INFO] PluginManage:302 - Check plugin ipmanager
2025-12-06 09:50:37,229 [INFO] PluginManage:352 - Loaded plugin ipmanager (category:base,tabindex:5)
2025-12-06 09:50:37,229 [INFO] PluginManage:302 - Check plugin pinoutandconfiguration
2025-12-06 09:50:37,244 [INFO] PluginManage:352 - Loaded plugin pinoutandconfiguration (category:base,tabindex:1)
2025-12-06 09:50:37,244 [INFO] PluginManage:302 - Check plugin pinoutconfig
2025-12-06 09:50:37,270 [INFO] PluginManage:352 - Loaded plugin pinoutconfig (category:base,tabindex:0)
2025-12-06 09:50:37,270 [INFO] PluginManage:302 - Check plugin power
2025-12-06 09:50:37,285 [INFO] PluginManage:352 - Loaded plugin power (category:power,tabindex:4)
2025-12-06 09:50:37,285 [INFO] PluginManage:302 - Check plugin projectmanager
2025-12-06 09:50:37,296 [INFO] PluginManage:352 - Loaded plugin projectmanager (category:projectmanager,tabindex:3)
2025-12-06 09:50:37,296 [INFO] PluginManage:302 - Check plugin thirdparty
2025-12-06 09:50:37,483 [INFO] PluginManage:352 - Loaded plugin thirdparty (category:base,tabindex:-1)
2025-12-06 09:50:37,483 [INFO] PluginManage:302 - Check plugin tools
2025-12-06 09:50:37,483 [WARN] IntegrityCheckThread:78 - waiting for thirdparty lock release [integrity check]
2025-12-06 09:50:37,484 [INFO] IntegrityCheckThread:80 - entering critical section [integrity check]
2025-12-06 09:50:37,484 [INFO] ThirdPartyUpdaterWithRetryManager:66 - Updater plugin not ready yet. [1/15]
2025-12-06 09:50:37,544 [INFO] PluginManage:352 - Loaded plugin tools (category:base,tabindex:7)
2025-12-06 09:50:37,544 [INFO] PluginManage:302 - Check plugin tutovideos
2025-12-06 09:50:37,665 [INFO] PluginManage:352 - Loaded plugin tutovideos (category:base,tabindex:-1)
2025-12-06 09:50:37,665 [INFO] PluginManage:302 - Check plugin updater
2025-12-06 09:50:37,672 [INFO] PluginManage:352 - Loaded plugin updater (category:base,tabindex:12)
2025-12-06 09:50:37,672 [INFO] PluginManage:275 - PluginManage : Loaded plugins [13]
2025-12-06 09:50:37,766 [INFO] PinOutPanel:1463 - setPackage(No Configuration,No Configuration)
2025-12-06 09:50:37,827 [INFO] IPUIPlugin:74 - create IPUIPlugin
2025-12-06 09:50:37,827 [INFO] PluginManager:213 - loadIPPluginJar : add adc
2025-12-06 09:50:37,870 [INFO] IPUIPlugin:74 - create IPUIPlugin
2025-12-06 09:50:37,870 [INFO] PluginManager:213 - loadIPPluginJar : add aes
2025-12-06 09:50:37,917 [INFO] IPUIPlugin:74 - create IPUIPlugin
2025-12-06 09:50:37,917 [INFO] PluginManager:213 - loadIPPluginJar : add can
2025-12-06 09:50:37,952 [INFO] IPUIPlugin:74 - create IPUIPlugin
2025-12-06 09:50:37,952 [INFO] PluginManager:213 - loadIPPluginJar : add comp
2025-12-06 09:50:37,990 [INFO] IPUIPlugin:74 - create IPUIPlugin
2025-12-06 09:50:37,990 [INFO] PluginManager:213 - loadIPPluginJar : add cryp
2025-12-06 09:50:38,029 [INFO] IPUIPlugin:74 - create IPUIPlugin
2025-12-06 09:50:38,029 [INFO] PluginManager:213 - loadIPPluginJar : add dfsdm
2025-12-06 09:50:38,043 [INFO] IPUIPlugin:74 - create IPUIPlugin
2025-12-06 09:50:38,043 [INFO] PluginManager:213 - loadIPPluginJar : add dma
2025-12-06 09:50:38,098 [INFO] IPUIPlugin:74 - create IPUIPlugin
2025-12-06 09:50:38,098 [INFO] PluginManager:213 - loadIPPluginJar : add dma3
2025-12-06 09:50:38,132 [INFO] IPUIPlugin:74 - create IPUIPlugin
2025-12-06 09:50:38,132 [INFO] PluginManager:213 - loadIPPluginJar : add fatfs
2025-12-06 09:50:38,193 [INFO] IPUIPlugin:74 - create IPUIPlugin
2025-12-06 09:50:38,193 [INFO] PluginManager:213 - loadIPPluginJar : add fmc
2025-12-06 09:50:38,207 [INFO] IPUIPlugin:74 - create IPUIPlugin
2025-12-06 09:50:38,207 [INFO] PluginManager:213 - loadIPPluginJar : add freertos
2025-12-06 09:50:38,241 [INFO] IPUIPlugin:74 - create IPUIPlugin
2025-12-06 09:50:38,241 [INFO] PluginManager:213 - loadIPPluginJar : add genericplugin
2025-12-06 09:50:38,330 [INFO] IPUIPlugin:74 - create IPUIPlugin
2025-12-06 09:50:38,331 [INFO] PluginManager:213 - loadIPPluginJar : add gfxmmu
2025-12-06 09:50:38,455 [INFO] IPUIPlugin:74 - create IPUIPlugin
2025-12-06 09:50:38,455 [INFO] PluginManager:213 - loadIPPluginJar : add gic
2025-12-06 09:50:38,468 [INFO] IPUIPlugin:74 - create IPUIPlugin
2025-12-06 09:50:38,468 [INFO] PluginManager:213 - loadIPPluginJar : add gpio
2025-12-06 09:50:38,544 [INFO] IPUIPlugin:74 - create IPUIPlugin
2025-12-06 09:50:38,545 [INFO] PluginManager:213 - loadIPPluginJar : add gtzc
2025-12-06 09:50:38,583 [INFO] IPUIPlugin:74 - create IPUIPlugin
2025-12-06 09:50:38,583 [INFO] PluginManager:213 - loadIPPluginJar : add hash
2025-12-06 09:50:38,645 [INFO] IPUIPlugin:74 - create IPUIPlugin
2025-12-06 09:50:38,645 [INFO] PluginManager:213 - loadIPPluginJar : add i2c
2025-12-06 09:50:38,693 [INFO] IPUIPlugin:74 - create IPUIPlugin
2025-12-06 09:50:38,693 [INFO] PluginManager:213 - loadIPPluginJar : add i2s
2025-12-06 09:50:38,705 [INFO] IPUIPlugin:74 - create IPUIPlugin
2025-12-06 09:50:38,706 [INFO] PluginManager:213 - loadIPPluginJar : add ipddr
2025-12-06 09:50:38,800 [INFO] IPUIPlugin:74 - create IPUIPlugin
2025-12-06 09:50:38,800 [INFO] PluginManager:213 - loadIPPluginJar : add linkedlist
2025-12-06 09:50:38,849 [INFO] IPUIPlugin:74 - create IPUIPlugin
2025-12-06 09:50:38,849 [INFO] PluginManager:213 - loadIPPluginJar : add lorawan
2025-12-06 09:50:38,895 [INFO] IPUIPlugin:74 - create IPUIPlugin
2025-12-06 09:50:38,896 [INFO] PluginManager:213 - loadIPPluginJar : add ltdc
2025-12-06 09:50:38,908 [INFO] IPUIPlugin:74 - create IPUIPlugin
2025-12-06 09:50:38,908 [INFO] PluginManager:213 - loadIPPluginJar : add mdma
2025-12-06 09:50:38,919 [INFO] IPUIPlugin:74 - create IPUIPlugin
2025-12-06 09:50:38,920 [INFO] PluginManager:213 - loadIPPluginJar : add nvic
2025-12-06 09:50:38,968 [INFO] IPUIPlugin:74 - create IPUIPlugin
2025-12-06 09:50:38,968 [INFO] PluginManager:213 - loadIPPluginJar : add opamp
2025-12-06 09:50:39,039 [INFO] IPUIPlugin:74 - create IPUIPlugin
2025-12-06 09:50:39,040 [INFO] PluginManager:213 - loadIPPluginJar : add openamp
2025-12-06 09:50:39,091 [INFO] IPUIPlugin:74 - create IPUIPlugin
2025-12-06 09:50:39,091 [INFO] PluginManager:213 - loadIPPluginJar : add pdm2pcm
2025-12-06 09:50:39,106 [INFO] IPUIPlugin:74 - create IPUIPlugin
2025-12-06 09:50:39,108 [INFO] PluginManager:213 - loadIPPluginJar : add plateformsettings
2025-12-06 09:50:39,146 [INFO] IPUIPlugin:74 - create IPUIPlugin
2025-12-06 09:50:39,146 [INFO] PluginManager:213 - loadIPPluginJar : add quadspi
2025-12-06 09:50:39,160 [INFO] IPUIPlugin:74 - create IPUIPlugin
2025-12-06 09:50:39,160 [INFO] PluginManager:213 - loadIPPluginJar : add resmgrutility
2025-12-06 09:50:39,216 [INFO] IPUIPlugin:74 - create IPUIPlugin
2025-12-06 09:50:39,216 [INFO] PluginManager:213 - loadIPPluginJar : add sai
2025-12-06 09:50:39,263 [INFO] IPUIPlugin:74 - create IPUIPlugin
2025-12-06 09:50:39,263 [INFO] PluginManager:213 - loadIPPluginJar : add spi
2025-12-06 09:50:39,321 [INFO] IPUIPlugin:74 - create IPUIPlugin
2025-12-06 09:50:39,321 [INFO] PluginManager:213 - loadIPPluginJar : add stm32_wpan
2025-12-06 09:50:39,355 [INFO] IPUIPlugin:74 - create IPUIPlugin
2025-12-06 09:50:39,355 [INFO] PluginManager:213 - loadIPPluginJar : add tim
2025-12-06 09:50:39,417 [INFO] IPUIPlugin:74 - create IPUIPlugin
2025-12-06 09:50:39,417 [INFO] PluginManager:213 - loadIPPluginJar : add touchsensing
2025-12-06 09:50:39,448 [INFO] IPUIPlugin:74 - create IPUIPlugin
2025-12-06 09:50:39,449 [INFO] PluginManager:213 - loadIPPluginJar : add tracer_emb
2025-12-06 09:50:39,483 [INFO] IPUIPlugin:74 - create IPUIPlugin
2025-12-06 09:50:39,484 [INFO] PluginManager:213 - loadIPPluginJar : add ts
2025-12-06 09:50:39,516 [INFO] IPUIPlugin:74 - create IPUIPlugin
2025-12-06 09:50:39,516 [INFO] PluginManager:213 - loadIPPluginJar : add tsc
2025-12-06 09:50:39,549 [INFO] IPUIPlugin:74 - create IPUIPlugin
2025-12-06 09:50:39,550 [INFO] PluginManager:213 - loadIPPluginJar : add ucpd
2025-12-06 09:50:39,601 [INFO] IPUIPlugin:74 - create IPUIPlugin
2025-12-06 09:50:39,601 [INFO] PluginManager:213 - loadIPPluginJar : add usart
2025-12-06 09:50:39,645 [INFO] IPUIPlugin:74 - create IPUIPlugin
2025-12-06 09:50:39,645 [INFO] PluginManager:213 - loadIPPluginJar : add usbx
2025-12-06 09:50:39,852 [FATAL] Updater:294 - Updater called before beeing initialized
2025-12-06 09:50:39,911 [FATAL] Updater:294 - Updater called before beeing initialized
2025-12-06 09:50:39,920 [INFO] DbMcusAds:47 - JSON generation date=Tue Nov 25 21:08:32 ICT 2025 (1764079712316)
2025-12-06 09:50:39,921 [FATAL] Updater:294 - Updater called before beeing initialized
2025-12-06 09:50:39,979 [WARN] DetailPanel:314 - Failed to get advertising image, set to default
2025-12-06 09:50:40,033 [FATAL] Updater:294 - Updater called before beeing initialized
2025-12-06 09:50:40,035 [FATAL] Updater:294 - Updater called before beeing initialized
2025-12-06 09:50:40,035 [FATAL] Updater:294 - Updater called before beeing initialized
2025-12-06 09:50:40,035 [WARN] DetailPanel:314 - Failed to get advertising image, set to default
2025-12-06 09:50:40,036 [FATAL] Updater:294 - Updater called before beeing initialized
2025-12-06 09:50:40,071 [ERROR] Updater:1075 - MainUpdater not yet initialized. External WinMGr cannot be set.
2025-12-06 09:50:40,080 [INFO] Updater:1012 - Updater Version found : 6.3.0
2025-12-06 09:50:40,092 [INFO] ApplicationProperties:181 - Using Application install path: D:\STM32CubeIDE_1.7.0\STM32CubeIDE\plugins\com.st.stm32cube.common.mx_6.3.0.202107141111
2025-12-06 09:50:40,342 [INFO] MainUpdater:2671 - connection check result : 10
2025-12-06 09:50:40,342 [INFO] MainUpdater:265 - Updater Check For Update Now.
2025-12-06 09:50:40,342 [INFO] MicroXplorer:478 - Change Database Version : DB.6.0.30
2025-12-06 09:50:40,489 [WARN] MainUpdater:1122 - Updater busy. Cannot search thirdparties
2025-12-06 09:50:40,489 [INFO] ThirdPartyUpdaterWithRetryManager:92 - Updater plugin is busy. [1/15]
2025-12-06 09:50:40,505 [INFO] CheckServerUpdateThread:112 - End of CheckServer Thread
2025-12-06 09:50:40,582 [INFO] MainUpdater:2671 - connection check result : 10
2025-12-06 09:50:40,603 [INFO] McuFinderGlobals:52 - Set McuFinderConnectedMode to true
2025-12-06 09:50:40,727 [INFO] ServerAccessManage:362 - Download File mcusAds.json._tmp_
2025-12-06 09:50:40,839 [INFO] LoadUrlFilesThread:145 - End of LoadUrlFiles Thread
2025-12-06 09:50:41,852 [INFO] ServerAccessManage:362 - Download File mcusDocs.json._tmp_
2025-12-06 09:50:43,080 [INFO] LoadUrlFilesThread:145 - End of LoadUrlFiles Thread
2025-12-06 09:50:43,320 [INFO] ServerAccessManage:362 - Download File mcusFeaturesAndDescription.json._tmp_
2025-12-06 09:50:43,503 [WARN] MainUpdater:1122 - Updater busy. Cannot search thirdparties
2025-12-06 09:50:43,503 [INFO] ThirdPartyUpdaterWithRetryManager:92 - Updater plugin is busy. [2/15]
2025-12-06 09:50:44,451 [INFO] LoadUrlFilesThread:145 - End of LoadUrlFiles Thread
2025-12-06 09:50:44,741 [INFO] ServerAccessManage:362 - Download File boardsDocs.json._tmp_
2025-12-06 09:50:44,874 [INFO] LoadUrlFilesThread:145 - End of LoadUrlFiles Thread
2025-12-06 09:50:45,172 [INFO] ServerAccessManage:362 - Download File boards.json._tmp_
2025-12-06 09:50:45,564 [INFO] LoadUrlFilesThread:145 - End of LoadUrlFiles Thread
2025-12-06 09:50:45,865 [INFO] ServerAccessManage:362 - Download File cube-finder-db.zip
2025-12-06 09:50:46,512 [WARN] MainUpdater:1122 - Updater busy. Cannot search thirdparties
2025-12-06 09:50:46,512 [INFO] ThirdPartyUpdaterWithRetryManager:92 - Updater plugin is busy. [3/15]
2025-12-06 09:50:49,519 [WARN] MainUpdater:1122 - Updater busy. Cannot search thirdparties
2025-12-06 09:50:49,519 [INFO] ThirdPartyUpdaterWithRetryManager:92 - Updater plugin is busy. [4/15]
2025-12-06 09:50:49,615 [INFO] FileExtend:235 - Unzip File : cube-finder-db.zip
2025-12-06 09:50:49,615 [INFO] FileExtend:250 - Standard Zip Deflate
2025-12-06 09:50:50,382 [INFO] LoadUrlFilesThread:145 - End of LoadUrlFiles Thread
2025-12-06 09:50:51,430 [INFO] ServerAccessManage:362 - Download File crdb.zip
2025-12-06 09:50:52,520 [WARN] MainUpdater:1122 - Updater busy. Cannot search thirdparties
2025-12-06 09:50:52,520 [INFO] ThirdPartyUpdaterWithRetryManager:92 - Updater plugin is busy. [5/15]
2025-12-06 09:50:52,616 [INFO] FileExtend:235 - Unzip File : crdb.zip
2025-12-06 09:50:52,616 [INFO] FileExtend:250 - Standard Zip Deflate
2025-12-06 09:50:52,763 [INFO] LoadUrlFilesThread:145 - End of LoadUrlFiles Thread
2025-12-06 09:50:53,008 [INFO] ServerAccessManage:362 - Download File tutoVideoDB.zip
2025-12-06 09:50:53,064 [INFO] FileExtend:235 - Unzip File : tutoVideoDB.zip
2025-12-06 09:50:53,064 [INFO] FileExtend:250 - Standard Zip Deflate
2025-12-06 09:50:53,189 [INFO] LoadUrlFilesThread:145 - End of LoadUrlFiles Thread
2025-12-06 09:50:53,190 [INFO] DbMcusAds:47 - JSON generation date=Fri Dec 05 16:13:14 ICT 2025 (1764925994673)
2025-12-06 09:50:53,198 [INFO] DbMcusDocs:143 - JSON generation date=Tue Nov 16 23:17:54 ICT 2021 (1637079474)
2025-12-06 09:50:53,199 [INFO] DbMcusXml:100 - Load MCU database from D:\STM32CubeIDE_1.7.0\STM32CubeIDE\plugins\com.st.stm32cube.common.mx_6.3.0.202107141111\\db\/mcu/families.xml
2025-12-06 09:50:53,669 [INFO] DbMcusJson:93 - JSON generation date=Tue Nov 16 23:17:54 ICT 2021 (1637079474)
2025-12-06 09:50:54,053 [INFO] DbMcus:175 - Found 1951 MCUs (1903 are supported by CubeMX, 1914 are visible in CubeMX)
2025-12-06 09:50:54,054 [INFO] ApiDb:251 - Load user favorites file C:\Users\Sang/.stm32cubeide/favorites.mcus.txt: 0 item(s)
2025-12-06 09:50:54,054 [INFO] ApiDb:255 - User favorites MCUs=[]
2025-12-06 09:50:54,054 [INFO] DbMcus:187 - Set 0 / 0 favorites MCUs
2025-12-06 09:50:54,273 [INFO] DbMcusDocs:79 - Found 682 MCUs documents
2025-12-06 09:50:54,275 [INFO] ApiDb:276 - Save user favorites file C:\Users\Sang/.stm32cubeide/favorites.mcus.txt: 0 item(s)
2025-12-06 09:50:54,275 [INFO] ApiDb:280 - User favorites MCUs=[]
2025-12-06 09:50:54,275 [INFO] DbMcusXml:100 - Load MCU database from D:\STM32CubeIDE_1.7.0\STM32CubeIDE\plugins\com.st.stm32cube.common.mx_6.3.0.202107141111\\db\/mcu/families.xml
2025-12-06 09:50:54,677 [INFO] DbMcusJson:93 - JSON generation date=Tue Nov 16 23:17:54 ICT 2021 (1637079474)
2025-12-06 09:50:55,010 [INFO] DbMcus:175 - Found 1951 MCUs (1903 are supported by CubeMX, 1914 are visible in CubeMX)
2025-12-06 09:50:55,010 [INFO] ApiDb:251 - Load user favorites file C:\Users\Sang/.stm32cubeide/favorites.mcus.txt: 0 item(s)
2025-12-06 09:50:55,010 [INFO] ApiDb:255 - User favorites MCUs=[]
2025-12-06 09:50:55,011 [INFO] DbMcus:187 - Set 0 / 0 favorites MCUs
2025-12-06 09:50:55,014 [INFO] DbBoardsDocs:143 - JSON generation date=Tue Nov 16 23:17:54 ICT 2021 (1637079474)
2025-12-06 09:50:55,033 [INFO] DbBoardsPdsc:90 - Found 25 items
2025-12-06 09:50:55,044 [INFO] DbBoardsPdsc:90 - Found 9 items
2025-12-06 09:50:55,057 [INFO] DbBoardsPdsc:90 - Found 33 items
2025-12-06 09:50:55,068 [INFO] DbBoardsPdsc:90 - Found 1 items
2025-12-06 09:50:55,082 [INFO] DbBoardsPdsc:90 - Found 48 items
2025-12-06 09:50:55,096 [INFO] DbBoardsPdsc:90 - Found 43 items
2025-12-06 09:50:55,107 [INFO] DbBoardsPdsc:90 - Found 2 items
2025-12-06 09:50:55,117 [INFO] DbBoardsPdsc:90 - Found 5 items
2025-12-06 09:50:55,121 [WARN] DbBoardsPdsc:254 - Board STM32H7B3I-DK: unknown feature type=Audio, name=, username=Audio stereo codec with Headphone Amp (CS42L51-CNZ), n=1
2025-12-06 09:50:55,121 [WARN] DbBoardsPdsc:254 - Board STM32H735G-DK: unknown feature type=Audio, name=, username=Audio stereo codec with Headphone Amp (WM8994ECS/R), n=1
2025-12-06 09:50:55,122 [WARN] DbBoardsPdsc:254 - Board STM32H7B3I-EVAL: unknown feature type=Audio, name=, username=Multi-Channel Audio Codec (CS42L51-CNZ), n=1
2025-12-06 09:50:55,122 [WARN] DbBoardsPdsc:254 - Board STM32H7B3I-EVAL: unknown feature type=Meter, name=, username=Power-metering and Temperature-monitoring with sigma-delta modulators, n=1
2025-12-06 09:50:55,122 [WARN] DbBoardsPdsc:254 - Board STM32H7B3I-EVAL: unknown feature type=Motor, name=, username=Motor Control, n=1
2025-12-06 09:50:55,123 [WARN] DbBoardsPdsc:254 - Board STM32U575I-EV: unknown feature type=joystick, name=, username=4-direction joystick with selection button, n=1
2025-12-06 09:50:55,133 [INFO] DbBoardsJson:86 - JSON generation date=Tue Nov 16 23:17:54 ICT 2021 (1637079474)
2025-12-06 09:50:55,137 [INFO] DbBoards:117 - Found 167 boards (163 are supported by CubeMX)
2025-12-06 09:50:55,139 [INFO] DbBoardsDocs:143 - JSON generation date=Tue Nov 16 23:17:54 ICT 2021 (1637079474)
2025-12-06 09:50:55,141 [INFO] DbBoardsDocs:79 - Found 209 boards documents
2025-12-06 09:50:55,142 [WARN] DbBoards:127 - board B-L475E-IOT01A2 has no document id list !
2025-12-06 09:50:55,142 [WARN] DbBoards:127 - board NUCLEO-H743ZI has no document id list !
2025-12-06 09:50:55,143 [WARN] DbBoards:127 - board NUCLEO-WL55JC2 has no document id list !
2025-12-06 09:50:55,143 [WARN] DbBoards:127 - board P-NUCLEO-WB55-Nucleo has no document id list !
2025-12-06 09:50:55,143 [WARN] DbBoards:127 - board P-NUCLEO-WB55-USBDongle has no document id list !
2025-12-06 09:50:55,143 [WARN] DbBoards:127 - board STEVAL-BFA001V1B has no document id list !
2025-12-06 09:50:55,143 [WARN] DbBoards:127 - board STEVAL-BFA001V2B has no document id list !
2025-12-06 09:50:55,143 [WARN] DbBoards:127 - board STEVAL-IDP005V1 has no document id list !
2025-12-06 09:50:55,143 [WARN] DbBoards:127 - board STEVAL-IDP005V2 has no document id list !
2025-12-06 09:50:55,144 [WARN] DbBoards:127 - board STEVAL-MKSBOX1V1 has no document id list !
2025-12-06 09:50:55,144 [WARN] DbBoards:127 - board STEVAL-STWINKT1 has no document id list !
2025-12-06 09:50:55,144 [WARN] DbBoards:127 - board STEVAL-STWINKT1B has no document id list !
2025-12-06 09:50:55,144 [WARN] DbBoards:127 - board STM32439I-EVAL2 has no document id list !
2025-12-06 09:50:55,144 [WARN] DbBoards:127 - board STM32F401C-DISCO has no document id list !
2025-12-06 09:50:55,144 [WARN] DbBoards:127 - board STM32F769I-DISC1 has no document id list !
2025-12-06 09:50:55,145 [WARN] DbBoards:127 - board STM32G474E-EVAL1 has no document id list !
2025-12-06 09:50:55,145 [WARN] DbBoards:127 - board STM32H743I-EVAL2 has no document id list !
2025-12-06 09:50:55,145 [WARN] DbBoards:127 - board STM32H747I-DISC1 has no document id list !
2025-12-06 09:50:55,145 [WARN] DbBoards:127 - board STM32H753I-EVAL2 has no document id list !
2025-12-06 09:50:55,145 [WARN] DbBoards:127 - board STM32L-DISCOVERY has no document id list !
2025-12-06 09:50:55,254 [ERROR] DbBoards:189 - Image file not found for board B-U585I-IOT02A: D:\STM32CubeIDE_1.7.0\STM32CubeIDE\plugins\com.st.stm32cube.common.mx_6.3.0.202107141111\\db\/plugins/mcufinder/images/boards/B-U585I-IOT02A_small.jpg
2025-12-06 09:50:55,342 [ERROR] DbBoards:189 - Image file not found for board NUCLEO-F413ZH: D:\STM32CubeIDE_1.7.0\STM32CubeIDE\plugins\com.st.stm32cube.common.mx_6.3.0.202107141111\\db\/plugins/mcufinder/images/boards/nucleo-f413zh_small.jpg
2025-12-06 09:50:55,456 [ERROR] DbBoards:189 - Image file not found for board NUCLEO-L552ZE-Q: D:\STM32CubeIDE_1.7.0\STM32CubeIDE\plugins\com.st.stm32cube.common.mx_6.3.0.202107141111\\db\/plugins/mcufinder/images/boards/nucleo_l552ze_q_small.jpg
2025-12-06 09:50:55,456 [ERROR] DbBoards:189 - Image file not found for board NUCLEO-U575ZI-Q: D:\STM32CubeIDE_1.7.0\STM32CubeIDE\plugins\com.st.stm32cube.common.mx_6.3.0.202107141111\\db\/plugins/mcufinder/images/boards/nucleo-u575zi-q_small.jpg
2025-12-06 09:50:55,456 [ERROR] DbBoards:189 - Image file not found for board NUCLEO-WB15CC: D:\STM32CubeIDE_1.7.0\STM32CubeIDE\plugins\com.st.stm32cube.common.mx_6.3.0.202107141111\\db\/plugins/mcufinder/images/boards/nucleo-wb15cc_small.jpg
2025-12-06 09:50:55,456 [ERROR] DbBoards:189 - Image file not found for board NUCLEO-WB55RG: D:\STM32CubeIDE_1.7.0\STM32CubeIDE\plugins\com.st.stm32cube.common.mx_6.3.0.202107141111\\db\/plugins/mcufinder/images/boards/nucleo-wb55rg_small.jpg
2025-12-06 09:50:55,595 [ERROR] Engine:463 - C:\Users\Sang\.stm32cubemx\thirdparties\pdsc\STMicroelectronics.X-CUBE-IPS.3.2.0.pdsc: PDSC version is not supported
2025-12-06 09:50:55,605 [ERROR] Engine:463 - C:\Users\Sang\.stm32cubemx\thirdparties\pdsc\STMicroelectronics.X-CUBE-ST60.1.0.0.pdsc: PDSC version is not supported
2025-12-06 09:50:55,615 [ERROR] Engine:463 - C:\Users\Sang\.stm32cubemx\thirdparties\pdsc\STMicroelectronics.FP-SNS-MOTENV1.5.1.0.pdsc: PDSC version is not supported
2025-12-06 09:50:55,628 [ERROR] Engine:463 - C:\Users\Sang\.stm32cubemx\thirdparties\pdsc\WES.I-CUBE-Cesium.1.4.0.pdsc: PDSC version is not supported
2025-12-06 09:50:55,638 [ERROR] Engine:463 - C:\Users\Sang\.stm32cubemx\thirdparties\pdsc\STMicroelectronics.X-CUBE-FREERTOS.1.3.1.pdsc: PDSC version is not supported
2025-12-06 09:50:55,648 [ERROR] Engine:463 - C:\Users\Sang\.stm32cubemx\thirdparties\pdsc\STMicroelectronics.X-CUBE-ST60.1.1.0.pdsc: PDSC version is not supported
2025-12-06 09:50:55,676 [WARN] PackLoader:238 - Cannot read IP mode file for STMicroelectronics.X-CUBE-GNSS1.7.1.0
2025-12-06 09:50:55,691 [WARN] PackLoader:238 - Cannot read IP mode file for STMicroelectronics.X-CUBE-TOUCHGFX.4.26.0
2025-12-06 09:50:55,701 [ERROR] Engine:463 - C:\Users\Sang\.stm32cubemx\thirdparties\pdsc\STMicroelectronics.FP-SNS-MOTENV1.5.0.0.pdsc: PDSC version is not supported
2025-12-06 09:50:55,739 [WARN] PackLoader:238 - Cannot read IP mode file for STMicroelectronics.X-CUBE-AZRTOS-H7RS.1.2.0
2025-12-06 09:50:55,752 [ERROR] Engine:463 - C:\Users\Sang\.stm32cubemx\thirdparties\pdsc\Avnet-IOTCONNECT.X-CUBE-iotc-st67-sdk.1.0.0.pdsc: PDSC version is not supported
2025-12-06 09:50:55,761 [ERROR] Engine:463 - C:\Users\Sang\.stm32cubemx\thirdparties\pdsc\STMicroelectronics.X-CUBE-FREERTOS.1.4.0.pdsc: PDSC version is not supported
2025-12-06 09:50:55,773 [WARN] PackLoader:238 - Cannot read IP mode file for STMicroelectronics.X-CUBE-GNSS1.7.0.1
2025-12-06 09:50:55,786 [WARN] PackLoader:238 - Cannot read IP mode file for STMicroelectronics.X-CUBE-TOUCHGFX.4.25.0
2025-12-06 09:50:55,797 [ERROR] Engine:463 - C:\Users\Sang\.stm32cubemx\thirdparties\pdsc\STMicroelectronics.X-CUBE-ST67W61.1.1.0.pdsc: PDSC version is not supported
2025-12-06 09:50:55,808 [ERROR] Engine:463 - C:\Users\Sang\.stm32cubemx\thirdparties\pdsc\quantropi.X-CUBE-qispace-sdk-base.2.1.0.pdsc: PDSC version is not supported
2025-12-06 09:50:55,870 [WARN] PackLoader:238 - Cannot read IP mode file for STMicroelectronics.X-CUBE-MEMS1.12.0.0
2025-12-06 09:50:55,978 [WARN] PackLoader:238 - Cannot read IP mode file for STMicroelectronics.X-CUBE-AZRTOS-H7RS.1.1.0
2025-12-06 09:50:55,990 [ERROR] Engine:463 - C:\Users\Sang\.stm32cubemx\thirdparties\pdsc\EmbeddedOffice.I-CUBE-FS-RTOS.1.0.1.pdsc: PDSC version is not supported
2025-12-06 09:50:56,002 [ERROR] Engine:463 - C:\Users\Sang\.stm32cubemx\thirdparties\pdsc\STMicroelectronics.X-CUBE-IPS.3.1.0.pdsc: PDSC version is not supported
2025-12-06 09:50:56,045 [WARN] PackLoader:238 - Cannot read IP mode file for STMicroelectronics.X-CUBE-MEMS1.11.3.0
2025-12-06 09:50:56,141 [INFO] ThirdParty:915 - Integrity check success = true
2025-12-06 09:50:56,141 [INFO] IntegrityCheckThread:94 - exiting critical section [integrity check]
2025-12-06 09:50:56,141 [INFO] IntegrityCheckThread:97 - End integrity checks thread
2025-12-06 09:50:56,738 [INFO] ApiDb:251 - Load user favorites file C:\Users\Sang/.stm32cubeide/favorites.boards.txt: 0 item(s)
2025-12-06 09:50:56,738 [INFO] ApiDb:255 - User favorites Boards=[]
2025-12-06 09:50:56,738 [INFO] DbBoards:206 - Set 0 / 0 favorites Boards
2025-12-06 09:50:56,740 [INFO] DbBoardsDocs:79 - Found 418 boards documents
2025-12-06 09:50:56,741 [INFO] ApiDb:276 - Save user favorites file C:\Users\Sang/.stm32cubeide/favorites.boards.txt: 0 item(s)
2025-12-06 09:50:56,741 [INFO] ApiDb:280 - User favorites Boards=[]
2025-12-06 09:50:56,743 [INFO] DbBoardsPdsc:90 - Found 25 items
2025-12-06 09:50:56,744 [INFO] DbBoardsPdsc:90 - Found 9 items
2025-12-06 09:50:56,746 [INFO] DbBoardsPdsc:90 - Found 33 items
2025-12-06 09:50:56,746 [INFO] DbBoardsPdsc:90 - Found 1 items
2025-12-06 09:50:56,750 [INFO] DbBoardsPdsc:90 - Found 48 items
2025-12-06 09:50:56,754 [INFO] DbBoardsPdsc:90 - Found 43 items
2025-12-06 09:50:56,754 [INFO] DbBoardsPdsc:90 - Found 2 items
2025-12-06 09:50:56,756 [INFO] DbBoardsPdsc:90 - Found 5 items
2025-12-06 09:50:56,757 [WARN] DbBoardsPdsc:254 - Board STM32H7B3I-DK: unknown feature type=Audio, name=, username=Audio stereo codec with Headphone Amp (CS42L51-CNZ), n=1
2025-12-06 09:50:56,758 [WARN] DbBoardsPdsc:254 - Board STM32H735G-DK: unknown feature type=Audio, name=, username=Audio stereo codec with Headphone Amp (WM8994ECS/R), n=1
2025-12-06 09:50:56,759 [WARN] DbBoardsPdsc:254 - Board STM32H7B3I-EVAL: unknown feature type=Audio, name=, username=Multi-Channel Audio Codec (CS42L51-CNZ), n=1
2025-12-06 09:50:56,759 [WARN] DbBoardsPdsc:254 - Board STM32H7B3I-EVAL: unknown feature type=Meter, name=, username=Power-metering and Temperature-monitoring with sigma-delta modulators, n=1
2025-12-06 09:50:56,759 [WARN] DbBoardsPdsc:254 - Board STM32H7B3I-EVAL: unknown feature type=Motor, name=, username=Motor Control, n=1
2025-12-06 09:50:56,759 [WARN] DbBoardsPdsc:254 - Board STM32U575I-EV: unknown feature type=joystick, name=, username=4-direction joystick with selection button, n=1
2025-12-06 09:50:56,769 [INFO] DbBoardsJson:86 - JSON generation date=Tue Nov 16 23:17:54 ICT 2021 (1637079474)
2025-12-06 09:50:56,773 [INFO] DbBoards:117 - Found 167 boards (163 are supported by CubeMX)
2025-12-06 09:50:56,773 [WARN] DbBoards:127 - board B-L475E-IOT01A2 has no document id list !
2025-12-06 09:50:56,774 [WARN] DbBoards:127 - board NUCLEO-H743ZI has no document id list !
2025-12-06 09:50:56,775 [WARN] DbBoards:127 - board NUCLEO-WL55JC2 has no document id list !
2025-12-06 09:50:56,775 [WARN] DbBoards:127 - board P-NUCLEO-WB55-Nucleo has no document id list !
2025-12-06 09:50:56,775 [WARN] DbBoards:127 - board P-NUCLEO-WB55-USBDongle has no document id list !
2025-12-06 09:50:56,775 [WARN] DbBoards:127 - board STEVAL-BFA001V1B has no document id list !
2025-12-06 09:50:56,775 [WARN] DbBoards:127 - board STEVAL-BFA001V2B has no document id list !
2025-12-06 09:50:56,775 [WARN] DbBoards:127 - board STEVAL-IDP005V1 has no document id list !
2025-12-06 09:50:56,775 [WARN] DbBoards:127 - board STEVAL-IDP005V2 has no document id list !
2025-12-06 09:50:56,775 [WARN] DbBoards:127 - board STEVAL-MKSBOX1V1 has no document id list !
2025-12-06 09:50:56,775 [WARN] DbBoards:127 - board STEVAL-STWINKT1 has no document id list !
2025-12-06 09:50:56,775 [WARN] DbBoards:127 - board STEVAL-STWINKT1B has no document id list !
2025-12-06 09:50:56,775 [WARN] DbBoards:127 - board STM32439I-EVAL2 has no document id list !
2025-12-06 09:50:56,775 [WARN] DbBoards:127 - board STM32F401C-DISCO has no document id list !
2025-12-06 09:50:56,775 [WARN] DbBoards:127 - board STM32F769I-DISC1 has no document id list !
2025-12-06 09:50:56,775 [WARN] DbBoards:127 - board STM32G474E-EVAL1 has no document id list !
2025-12-06 09:50:56,775 [WARN] DbBoards:127 - board STM32H743I-EVAL2 has no document id list !
2025-12-06 09:50:56,775 [WARN] DbBoards:127 - board STM32H747I-DISC1 has no document id list !
2025-12-06 09:50:56,775 [WARN] DbBoards:127 - board STM32H753I-EVAL2 has no document id list !
2025-12-06 09:50:56,775 [WARN] DbBoards:127 - board STM32L-DISCOVERY has no document id list !
2025-12-06 09:50:56,828 [ERROR] DbBoards:189 - Image file not found for board B-U585I-IOT02A: D:\STM32CubeIDE_1.7.0\STM32CubeIDE\plugins\com.st.stm32cube.common.mx_6.3.0.202107141111\\db\/plugins/mcufinder/images/boards/B-U585I-IOT02A_small.jpg
2025-12-06 09:50:56,883 [ERROR] DbBoards:189 - Image file not found for board NUCLEO-F413ZH: D:\STM32CubeIDE_1.7.0\STM32CubeIDE\plugins\com.st.stm32cube.common.mx_6.3.0.202107141111\\db\/plugins/mcufinder/images/boards/nucleo-f413zh_small.jpg
2025-12-06 09:50:57,007 [ERROR] DbBoards:189 - Image file not found for board NUCLEO-L552ZE-Q: D:\STM32CubeIDE_1.7.0\STM32CubeIDE\plugins\com.st.stm32cube.common.mx_6.3.0.202107141111\\db\/plugins/mcufinder/images/boards/nucleo_l552ze_q_small.jpg
2025-12-06 09:50:57,007 [ERROR] DbBoards:189 - Image file not found for board NUCLEO-U575ZI-Q: D:\STM32CubeIDE_1.7.0\STM32CubeIDE\plugins\com.st.stm32cube.common.mx_6.3.0.202107141111\\db\/plugins/mcufinder/images/boards/nucleo-u575zi-q_small.jpg
2025-12-06 09:50:57,007 [ERROR] DbBoards:189 - Image file not found for board NUCLEO-WB15CC: D:\STM32CubeIDE_1.7.0\STM32CubeIDE\plugins\com.st.stm32cube.common.mx_6.3.0.202107141111\\db\/plugins/mcufinder/images/boards/nucleo-wb15cc_small.jpg
2025-12-06 09:50:57,007 [ERROR] DbBoards:189 - Image file not found for board NUCLEO-WB55RG: D:\STM32CubeIDE_1.7.0\STM32CubeIDE\plugins\com.st.stm32cube.common.mx_6.3.0.202107141111\\db\/plugins/mcufinder/images/boards/nucleo-wb55rg_small.jpg
2025-12-06 09:50:57,482 [INFO] ApiDb:251 - Load user favorites file C:\Users\Sang/.stm32cubeide/favorites.boards.txt: 0 item(s)
2025-12-06 09:50:57,482 [INFO] ApiDb:255 - User favorites Boards=[]
2025-12-06 09:50:57,482 [INFO] DbBoards:206 - Set 0 / 0 favorites Boards
2025-12-06 09:50:57,488 [INFO] LoadUrlFilesThread:172 - End of LoadServerUrlFiles without Thread
2025-12-06 09:50:57,488 [INFO] TargetSelectorAdapter:224 - Refresh data is successful
2025-12-06 09:50:57,578 [INFO] ApiDb:479 - Connected to CubeFinder SQLite database (C:\Users\Sang\.stmcufinder\plugins\mcufinder\mcu\cube-finder-db.db)
2025-12-06 09:50:58,027 [ERROR] DbExamplesSqlite:446 - Missing JSON key: board_cpn
2025-12-06 09:50:58,027 [ERROR] DbExamplesSqlite:446 - Missing JSON key: board_cpn
2025-12-06 09:50:58,027 [ERROR] DbExamplesSqlite:446 - Missing JSON key: board_cpn
2025-12-06 09:50:58,027 [ERROR] DbExamplesSqlite:446 - Missing JSON key: board_cpn
2025-12-06 09:50:58,182 [ERROR] DbExamplesSqlite:446 - Missing JSON key: board_cpn
2025-12-06 09:50:58,182 [ERROR] DbExamplesSqlite:446 - Missing JSON key: board_cpn
2025-12-06 09:50:58,187 [INFO] DbExamplesSqlite:411 - Ignored 42 examples not supported by CubeIDE
2025-12-06 09:50:58,187 [INFO] DbExamplesSqlite:412 - Found 10883 examples active
2025-12-06 09:50:58,187 [INFO] DbExamplesSqlite:413 - Found 0 examples obsolete
2025-12-06 09:50:58,187 [INFO] DbExamplesSqlite:414 - Found 0 examples under development
2025-12-06 09:50:58,187 [INFO] DbExamplesSqlite:415 - Found 85 examples not building
2025-12-06 09:50:58,231 [INFO] DbExamplesSqlite:108 - CubeFinder database Data Model version=2.1
2025-12-06 09:50:58,231 [INFO] DbExamplesSqlite:109 - CubeFinder database Configuration version=3.0.39
2025-12-06 09:50:58,231 [INFO] DbExamplesSqlite:110 - CubeFinder database generation date=2025-11-05 (1762334721)
2025-12-06 09:50:58,231 [INFO] DbExamplesSqlite:111 - CubeFinder database FW Pack versions=[FP-ATR-ASTRA1_V2.0.0, FP-SNS-FLIGHT1_V5.1.0, FP-SNS-MOTENV1_V5.1.0, FP-SNS-MOTENVWB1_V1.4.0, FP-SNS-SMARTAG2_V1.2.0, FP-SNS-STBOX1_V2.1.0, STM32Cube_FW_C0_V1.4.0, STM32Cube_FW_F4_V1.28.3, STM32Cube_FW_F7_V1.17.4, STM32Cube_FW_G0_V1.6.2, STM32Cube_FW_G4_V1.6.1, STM32Cube_FW_H5_V1.5.1, STM32Cube_FW_H7RS_V1.3.0, STM32Cube_FW_H7_V1.12.1, STM32Cube_FW_L0_V1.12.2, STM32Cube_FW_L4_V1.18.1, STM32Cube_FW_L5_V1.6.0, STM32Cube_FW_N6_V1.3.0, STM32Cube_FW_U0_V1.3.0, STM32Cube_FW_U3_V1.2.1, STM32Cube_FW_U5_V1.8.0, STM32Cube_FW_WB0_V1.4.0, STM32Cube_FW_WBA_V1.8.0, STM32Cube_FW_WB_V1.24.0, STM32Cube_FW_WL3_V1.3.0, STM32Cube_FW_WL_V1.4.0, X-CUBE-ALGOBUILD_V1.4.0, X-CUBE-ALS_V1.0.2, X-CUBE-AZRTOS-F4_V1.1.0, X-CUBE-AZRTOS-F7_V1.1.0, X-CUBE-AZRTOS-G0_V1.1.0, X-CUBE-AZRTOS-G4_V2.0.0, X-CUBE-AZRTOS-H7RS_V1.1.0, X-CUBE-AZRTOS-H7_V3.4.0, X-CUBE-AZRTOS-L4_V2.0.0, X-CUBE-AZRTOS-L5_V2.0.0, X-CUBE-AZRTOS-WB_V2.0.0, X-CUBE-AZRTOS-WL_V2.0.0, X-CUBE-BLE1_V7.1.0, X-CUBE-BLE2_V3.3.0, X-CUBE-BLEMGR_V4.1.0, X-CUBE-EEPRMA1_V5.2.0, X-CUBE-FREERTOS_V1.3.1, X-CUBE-GNSS1_V6.0.0, X-CUBE-MEMS1_V11.3.0, X-CUBE-NFC4_V3.0.0, X-CUBE-NFC7_V2.0.0, X-CUBE-SFXS2LP1_V4.0.0, X-CUBE-ST67W61_V1.1.0, X-CUBE-SUBG2_V5.0.0, X-CUBE-TOF1_V3.4.3]
2025-12-06 09:50:58,232 [INFO] DbExamples:130 - Found 10926 examples
2025-12-06 09:50:58,811 [ERROR] DbExamples:206 - Found 10926 examples with invalid data (board or MCU)
2025-12-06 09:50:58,811 [INFO] DbExamples:222 - Found 97 boards with related examples
2025-12-06 09:50:58,811 [INFO] DbExamples:235 - Found 0 MCUs with related examples
2025-12-06 09:50:58,826 [INFO] ApiDb:242 - User favorites file not found: C:\Users\Sang/.stm32cubeide/favorites.examples.txt
2025-12-06 09:50:58,826 [INFO] DbExamples:256 - Set 0 / 0 favorites Examples
2025-12-06 09:50:59,086 [INFO] McuFinderGlobals:52 - Set McuFinderConnectedMode to false
2025-12-06 09:50:59,156 [INFO] CrossSelectorPresenter:1330 - Cross Selector saved comparison directory: C:\Users\Sang\.stmcufinder\plugins\mcufinder\mcu\cs_comparisons_mx
2025-12-06 09:50:59,160 [INFO] MultiScanPanel:197 - Auto-refresh data requested => check proxy status ongoing
2025-12-06 09:50:59,160 [INFO] MultiScanPanel:201 - Proxy status is invalid
2025-12-06 09:50:59,162 [INFO] FinderPluginLoader:87 - Searching for filters in installed packs
2025-12-06 09:50:59,456 [INFO] DetailPanel:309 - Set advertising image to C:/Users/Sang/STM32Cube/Repository/\en.mcu-finder-preevent.jpg
2025-12-06 09:51:09,608 [INFO] MultiScanPanel:197 - Auto-refresh data requested => check proxy status ongoing
2025-12-06 09:51:09,609 [INFO] MultiScanPanel:201 - Proxy status is invalid
2025-12-06 09:51:09,644 [INFO] DetailPanel:309 - Set advertising image to C:/Users/Sang/STM32Cube/Repository/\en.mcu-finder-preevent.jpg
2025-12-06 09:53:33,666 [INFO] MainUpdater:2671 - connection check result : 10
2025-12-06 09:53:33,667 [INFO] MainUpdater:2671 - connection check result : 10
2025-12-06 09:53:33,707 [INFO] MicroXplorer:448 - Change Database Path : 
2025-12-06 09:53:33,707 [INFO] MicroXplorer:478 - Change Database Version : DB.6.0.30
2025-12-06 09:53:33,707 [WARN] ThirdParty:813 - waiting for thirdparty lock release [close project]
2025-12-06 09:53:33,707 [INFO] ThirdParty:815 - entering critical section [close project]
2025-12-06 09:53:33,708 [INFO] ThirdParty:825 - exiting critical section [close project]
2025-12-06 09:53:33,710 [INFO] PinOutPanel:1463 - setPackage(No Configuration,No Configuration)
2025-12-06 09:53:33,711 [INFO] UtilMem:74 - Begin LoadConfig() Used Memory: 905832296 Bytes (1067450368)
2025-12-06 09:53:33,712 [INFO] OpenFileManager:313 - Change cursor
2025-12-06 09:53:34,491 [INFO] Context:592 - Trying to add GPIOservice into a context  which must be forbidden
2025-12-06 09:53:34,615 [INFO] Rule:220 - rule Rename SubGHz_Phy SUBGHZ_APPLICATION SUBGHZ_PINGPONG to SUBGHZ_ADV_APPLICATION is applicable
2025-12-06 09:53:34,615 [INFO] Rule:220 - rule Rename Enabled to IBEACON is applicable
2025-12-06 09:53:34,615 [INFO] Rule:220 - rule GTZC_S instance for project manager is applicable
2025-12-06 09:53:34,615 [INFO] Rule:220 - rule GTZC_S instance for context M33S is applicable
2025-12-06 09:53:34,615 [INFO] Rule:220 - rule GTZC_S instance value for IP GTZC is applicable
2025-12-06 09:53:34,615 [INFO] Rule:220 - rule GTZC_S instance for mcu.IP is applicable
2025-12-06 09:53:34,615 [INFO] Rule:220 - rule GTZC_S instance for VP is applicable
2025-12-06 09:53:34,616 [INFO] Rule:220 - rule GTZC_S instance for signal is applicable
2025-12-06 09:53:34,616 [INFO] Rule:220 - rule GTZC_S instance for mcu.Pin is applicable
2025-12-06 09:53:34,616 [INFO] Rule:220 - rule GTZC_S instance for VP is applicable
2025-12-06 09:53:34,616 [INFO] Rule:220 - rule GTZC_S instance for signal is applicable
2025-12-06 09:53:34,616 [INFO] Rule:220 - rule GTZC_S instance for mcu is applicable
2025-12-06 09:53:34,616 [INFO] Rule:220 - rule GTZC_S instance for mcu.Pin is applicable
2025-12-06 09:53:34,616 [INFO] Rule:220 - rule GTZC_S instance value for IP GTZC is applicable
2025-12-06 09:53:34,616 [INFO] Rule:220 - rule GTZC_S instance for project manager is applicable
2025-12-06 09:53:34,616 [INFO] Rule:220 - rule GTZC_S instance for context M33S is applicable
2025-12-06 09:53:34,616 [INFO] Rule:220 - rule GTZC_S instance for VP is applicable
2025-12-06 09:53:34,616 [INFO] Rule:220 - rule GTZC_S instance for signal is applicable
2025-12-06 09:53:34,616 [INFO] Rule:220 - rule SPDIFRX instance for mcu is applicable
2025-12-06 09:53:34,616 [INFO] Rule:220 - rule Rename Tracer Mode is applicable
2025-12-06 09:53:34,616 [INFO] Rule:220 - rule SPDIFRX instance value for IP SPDIFRX is applicable
2025-12-06 09:53:34,616 [INFO] Rule:220 - rule SPDIFRX instance for signal is applicable
2025-12-06 09:53:34,616 [INFO] Rule:220 - rule SPDIFRX instance for project manager is applicable
2025-12-06 09:53:34,616 [INFO] Rule:220 - rule SPDIFRX instance for project manager is applicable
2025-12-06 09:53:34,616 [INFO] Rule:220 - rule ADC Scan  fix with FW F7 is applicable
2025-12-06 09:53:34,616 [INFO] Rule:220 - rule ADC Scan  fix with FW F7 is applicable
2025-12-06 09:53:34,616 [INFO] Rule:220 - rule UART/USART WORD LENGTH 7 is applicable
2025-12-06 09:53:34,616 [INFO] Rule:220 - rule UART/USART WORD LENGTH 8 is applicable
2025-12-06 09:53:34,616 [INFO] Rule:220 - rule UART/USART WORD LENGTH 9 is applicable
2025-12-06 09:53:34,616 [INFO] Rule:220 - rule Change Default Value for ADC Clock Prescaler G0 family is applicable
2025-12-06 09:53:34,616 [INFO] Rule:220 - rule ADC SamplingTime fix with FW L0  is applicable
2025-12-06 09:53:34,616 [INFO] Rule:220 - rule ADC SamplingTime fix with FW L0  is applicable
2025-12-06 09:53:34,616 [INFO] Rule:220 - rule ADC SamplingTime fix with FW L0 is applicable
2025-12-06 09:53:34,616 [INFO] Rule:220 - rule ADC SamplingTime fix with FW L0 is applicable
2025-12-06 09:53:34,616 [INFO] Rule:220 - rule ADC SamplingTime fix with FW L0  is applicable
2025-12-06 09:53:34,616 [INFO] Rule:220 - rule ADC SamplingTime fix with FW L0 is applicable
2025-12-06 09:53:34,616 [INFO] Rule:220 - rule Rename USB_OE Signal is applicable
2025-12-06 09:53:34,616 [INFO] Rule:220 - rule Rename Activate_OE Mode is applicable
2025-12-06 09:53:34,617 [INFO] Rule:220 - rule Rename DIE462/DIE415 pin PC14/OSC32_IN -> PC14-OSC32_IN (PC14) is applicable
2025-12-06 09:53:34,617 [INFO] Rule:220 - rule Rename DIE462/DIE415 pin PC15/OSC32_OUT -> PC15-OSC32_OUT (PC15) is applicable
2025-12-06 09:53:34,617 [INFO] Rule:220 - rule Rename DIE462/DIE415 pin PH0/OSC_IN -> PH0-OSC_IN (PH0) is applicable
2025-12-06 09:53:34,617 [INFO] Rule:220 - rule Rename DIE462/DIE415 pin PH1/OSC_OUT -> PH1-OSC_OUT (PH1) is applicable
2025-12-06 09:53:34,617 [INFO] Rule:220 - rule Rename DIE462 pin PA13 -> PA13 (JTMS/SWDIO) is applicable
2025-12-06 09:53:34,617 [INFO] Rule:220 - rule Rename DIE415 pin PA13 -> PA13 (JTMS/SWDIO) is applicable
2025-12-06 09:53:34,617 [INFO] Rule:220 - rule Rename DIE462 pin PA14 -> PA14 (JTCK/SWCLK) is applicable
2025-12-06 09:53:34,617 [INFO] Rule:220 - rule Rename DIE415 pin PA14 -> PA14 (JTCK/SWCLK) is applicable
2025-12-06 09:53:34,617 [INFO] Rule:220 - rule Rename DIE462/DIE415 pin PA15 -> PA15 (JTDI) is applicable
2025-12-06 09:53:34,617 [INFO] Rule:220 - rule Rename DIE462 pin PB3 -> PB3 (JTD0/TRACESWO) is applicable
2025-12-06 09:53:34,617 [INFO] Rule:220 - rule Rename DIE415 pin PB3 -> PB3 (JTD0-TRACESWO) is applicable
2025-12-06 09:53:34,617 [INFO] Rule:220 - rule Rename DIE462/DIE415 pin PB4 -> PB4 (NJTRST) is applicable
2025-12-06 09:53:34,617 [INFO] Rule:220 - rule Rename DIE462 pin PH3/BOOT0 -> PH3-BOOT0 (BOOT0) is applicable
2025-12-06 09:53:34,617 [INFO] Rule:220 - rule Rename CRYP DataEncryptionTypesList to Algorithm is applicable
2025-12-06 09:53:34,617 [INFO] Rule:220 - rule Rename AES DataEncryptionTypesList to Algorithm is applicable
2025-12-06 09:53:34,617 [INFO] Rule:220 - rule Rename TDESECB to CRYP_TDES_ECB is applicable
2025-12-06 09:53:34,617 [INFO] Rule:220 - rule Rename TDESCBC to CRYP_TDES_CBC is applicable
2025-12-06 09:53:34,617 [INFO] Rule:220 - rule Rename DESECB to CRYP_DES_ECB is applicable
2025-12-06 09:53:34,617 [INFO] Rule:220 - rule Rename DESCBC to CRYP_DES_CBC is applicable
2025-12-06 09:53:34,617 [INFO] Rule:220 - rule Rename AESECB to CRYP_AES_ECB is applicable
2025-12-06 09:53:34,617 [INFO] Rule:220 - rule Rename AESCBC to CRYP_AES_CBC is applicable
2025-12-06 09:53:34,617 [INFO] Rule:220 - rule Rename AESCTR to CRYP_AES_CTR is applicable
2025-12-06 09:53:34,617 [INFO] Rule:220 - rule Rename AESGCM to CRYP_AES_GCM is applicable
2025-12-06 09:53:34,617 [INFO] Rule:220 - rule Rename AESCCM to CRYP_AES_CCM is applicable
2025-12-06 09:53:34,617 [INFO] Rule:220 - rule Rename CAN TimeSeg1 to BS1 is applicable
2025-12-06 09:53:34,617 [INFO] Rule:220 - rule Rename CAN TimeSeg2 to BS2 is applicable
2025-12-06 09:53:34,617 [INFO] Rule:220 - rule Rename CAN SyncJumpWidth to SJW is applicable
2025-12-06 09:53:34,617 [INFO] Rule:220 - rule TimeTriggeredMode to TTCM is applicable
2025-12-06 09:53:34,617 [INFO] Rule:220 - rule Rename CAN AutoBusOff to ABOM is applicable
2025-12-06 09:53:34,617 [INFO] Rule:220 - rule Rename CAN AutoWakeUp to AWUM is applicable
2025-12-06 09:53:34,622 [INFO] Rule:220 - rule Rename CAN AutoRetransmission to NART is applicable
2025-12-06 09:53:34,622 [INFO] Rule:220 - rule Rename CAN ReceiveFifoLocked to RFLM is applicable
2025-12-06 09:53:34,622 [INFO] Rule:220 - rule Rename CAN TransmitFifoPriority to TXFP is applicable
2025-12-06 09:53:34,622 [INFO] Rule:220 - rule Rename HRTIMER HRTIM_OUTPUTFAULTLEVEL_HIGH in HRTIMER HRTIM_OUTPUTFAULTLEVEL_HIGHZ is applicable
2025-12-06 09:53:34,622 [INFO] Rule:220 - rule Rename TIMER TIM_CLEARINPUTSOURCE_OCREFCLR in  TIMER TIM_CLEARINPUTSOURCE_NONE for F7 family is applicable
2025-12-06 09:53:34,622 [INFO] Rule:220 - rule FDCAN_R1 - Rename FDCAN mode Master into Classic is applicable
2025-12-06 09:53:34,622 [INFO] Rule:220 - rule FDCAN_R2 - Rename FDCAN mode Slave into Classic is applicable
2025-12-06 09:53:34,622 [INFO] Rule:220 - rule FDCAN1_R3 - if PA10.Mode=FullDuplex, add Pin PA12 is applicable
2025-12-06 09:53:34,622 [INFO] Rule:220 - rule FDCAN1_R3 - if PA9.Mode=FullDuplex, add Pin PA11 is applicable
2025-12-06 09:53:34,622 [INFO] Rule:220 - rule FDCAN1_R3 - Alternatepin_1 - if PE1.Mode=FullDuplex, add Pin PB9 is applicable
2025-12-06 09:53:34,622 [INFO] Rule:220 - rule FDCAN1_R3 - Alternatepin_1 - if PE0.Mode=FullDuplex, add Pin PB8 is applicable
2025-12-06 09:53:34,622 [INFO] Rule:220 - rule FDCAN1_R3 - Alternatepin_2 - if PD5.Mode=FullDuplex, add Pin PD1 is applicable
2025-12-06 09:53:34,622 [INFO] Rule:220 - rule FDCAN1_R3 - Alternatepin_2 - if PD4.Mode=FullDuplex, add Pin PD0 is applicable
2025-12-06 09:53:34,622 [INFO] Rule:220 - rule FDCAN1_R4 - Rename Mode FullDuplex into Enable FDCAN_TXFD for pin PA10 is applicable
2025-12-06 09:53:34,622 [INFO] Rule:220 - rule FDCAN1_R4 - Rename Mode FullDuplex into Enable FDCAN_TXFD for pin PA9 is applicable
2025-12-06 09:53:34,622 [INFO] Rule:220 - rule FDCAN1_R4 - Alternatepin_1 - Rename Mode FullDuplex into Enable FDCAN_TXFD for pin PE1 is applicable
2025-12-06 09:53:34,622 [INFO] Rule:220 - rule FDCAN1_R4 - Alternatepin_1 - Rename Mode FullDuplex into Enable FDCAN_TXFD for pin PE0 is applicable
2025-12-06 09:53:34,622 [INFO] Rule:220 - rule FDCAN1_R4 - Alternatepin_2 - Rename Mode FullDuplex into Enable FDCAN_TXFD for pin PD5 is applicable
2025-12-06 09:53:34,622 [INFO] Rule:220 - rule FDCAN1_R4 - Alternatepin_2 - Rename Mode FullDuplex into Enable FDCAN_TXFD for pin PD4 is applicable
2025-12-06 09:53:34,622 [INFO] Rule:220 - rule FDCAN2_R3 - if PD10.Mode=FullDuplex, add Pin PB13 is applicable
2025-12-06 09:53:34,623 [INFO] Rule:220 - rule FDCAN2_R3 - if PD9.Mode=FullDuplex, add Pin PB12 is applicable
2025-12-06 09:53:34,623 [INFO] Rule:220 - rule FDCAN2_R3 - Alternatepin_1 - if PB7.Mode=FullDuplex, add Pin PB6 is applicable
2025-12-06 09:53:34,623 [INFO] Rule:220 - rule FDCAN2_R3 - Alternatepin_1 - if PD9.Mode=FullDuplex, add Pin PB12 is applicable
2025-12-06 09:53:34,623 [INFO] Rule:220 - rule FDCAN2_R4 - Rename Mode FullDuplex into Enable FDCAN_TXFD for pin PD10 is applicable
2025-12-06 09:53:34,623 [INFO] Rule:220 - rule FDCAN2_R4 - Rename Mode FullDuplex into Enable FDCAN_TXFD for pin PD9 is applicable
2025-12-06 09:53:34,623 [INFO] Rule:220 - rule FDCAN2_R4 - Alternatepin_1 - Rename Mode FullDuplex into Enable FDCAN_TXFD for pin PB7 is applicable
2025-12-06 09:53:34,623 [INFO] Rule:220 - rule FDCAN2_R4 - Alternatepin_1 - Rename Mode FullDuplex into Enable FDCAN_TXFD for pin PD6 is applicable
2025-12-06 09:53:34,623 [INFO] Rule:220 - rule USART TxPinLevelInvertParam Mode is applicable
2025-12-06 09:53:34,623 [INFO] Rule:220 - rule USART RxPinLevelInvertParam Mode is applicable
2025-12-06 09:53:34,623 [INFO] Rule:220 - rule USART DataInvertParam Mode is applicable
2025-12-06 09:53:34,623 [INFO] Rule:220 - rule USART SwapParam Mode is applicable
2025-12-06 09:53:34,623 [INFO] Rule:220 - rule USART OverrunDisableParam Mode is applicable
2025-12-06 09:53:34,623 [INFO] Rule:220 - rule USART DMADisableonRxErrorParam Mode is applicable
2025-12-06 09:53:34,623 [INFO] Rule:220 - rule USART MSBFirstParam Mode is applicable
2025-12-06 09:53:34,623 [INFO] Rule:220 - rule Update MwName for USB_DEVICE is applicable
2025-12-06 09:53:34,623 [INFO] Rule:220 - rule Change PWR_Regulator_Voltage_Scale Default Value for RCC  H7 family is applicable
2025-12-06 09:53:34,623 [INFO] Rule:220 - rule UART/USART IPParameter rename Prescaler parameter to ClockPrescaler is applicable
2025-12-06 09:53:34,623 [INFO] Rule:220 - rule UART/USART Prescaler rename Prescaler parameter to ClockPrescaler is applicable
2025-12-06 09:53:34,623 [INFO] Rule:220 - rule TIM1CLockSelection is applicable
2025-12-06 09:53:34,623 [INFO] Rule:220 - rule TIM15CLockSelection is applicable
2025-12-06 09:53:34,623 [INFO] Rule:220 - rule align RCC SDMMC3CLockSelection default value on MP1 is applicable
2025-12-06 09:53:34,623 [INFO] Rule:220 - rule align RCC SDMMC12CLockSelection default value on MP1 is applicable
2025-12-06 09:53:34,623 [INFO] Rule:220 - rule align RCC QSPICLockSelection default value on MP1 is applicable
2025-12-06 09:53:34,623 [INFO] Rule:220 - rule align RCC QSPICLockSelection default value on MP1 is applicable
2025-12-06 09:53:34,623 [INFO] Rule:220 - rule align RCC SPI6CLockSelection default value on MP1 is applicable
2025-12-06 09:53:34,623 [INFO] Rule:220 - rule align RCC LPTIM23CLockSelection default value on MP1 is applicable
2025-12-06 09:53:34,623 [INFO] Rule:220 - rule align RCC LPTIM1CLockSelection default value on MP1 is applicable
2025-12-06 09:53:34,623 [INFO] Rule:220 - rule align RCC USART1CLockSelection default value on MP1 is applicable
2025-12-06 09:53:34,623 [INFO] Rule:220 - rule align RCC USART24CLockSelection default value on MP1 is applicable
2025-12-06 09:53:34,623 [INFO] Rule:220 - rule align RCC USART6CLockSelection default value on MP1 is applicable
2025-12-06 09:53:34,623 [INFO] Rule:220 - rule align RCC UART78CLockSelection default value on MP1 is applicable
2025-12-06 09:53:34,623 [INFO] Rule:220 - rule align RCC USART35CLockSelection default value on MP1 is applicable
2025-12-06 09:53:34,623 [INFO] Rule:220 - rule align RCC SPI45CLockSelection default value on MP1 is applicable
2025-12-06 09:53:34,623 [INFO] Rule:220 - rule align RCC I2C46CLockSelection BCLK value on MP1 is applicable
2025-12-06 09:53:34,624 [INFO] Rule:220 - rule align RCC SPI45CLockSelection default value on MP1 is applicable
2025-12-06 09:53:34,624 [INFO] Rule:220 - rule align RCC I2C12CLockSelection default value on MP1 is applicable
2025-12-06 09:53:34,624 [INFO] Rule:220 - rule align RCC I2C35CLockSelection default value on MP1 is applicable
2025-12-06 09:53:34,624 [INFO] Rule:220 - rule align RCC LPTIM45CLockSelection default value on MP1 is applicable
2025-12-06 09:53:34,624 [INFO] Rule:220 - rule Rename DCMI PIXCK signal is applicable
2025-12-06 09:53:34,624 [INFO] Rule:220 - rule Change Default Value for I2C46CLockSelection MP1 family is applicable
2025-12-06 09:53:34,624 [INFO] Rule:220 - rule Change Default Value for UART for G4, G0 and WB families is applicable
2025-12-06 09:53:34,624 [INFO] Rule:220 - rule Change Default Value for USART for G4, G0 and WB families is applicable
2025-12-06 09:53:34,624 [INFO] Rule:220 - rule Change Default Value for USART for G4 family is applicable
2025-12-06 09:53:34,624 [INFO] Rule:220 - rule Change USART1CLockSelection refparam name for MP1 is applicable
2025-12-06 09:53:34,624 [INFO] Rule:220 - rule Change USART2CLockSelection refparam name for MP1 is applicable
2025-12-06 09:53:34,624 [INFO] Rule:220 - rule Change USART3CLockSelection refparam name for MP1 is applicable
2025-12-06 09:53:34,624 [INFO] Rule:220 - rule Change UART4CLockSelection refparam name for MP1 is applicable
2025-12-06 09:53:34,624 [INFO] Rule:220 - rule Change UART5CLockSelection refparam name for MP1 is applicable
2025-12-06 09:53:34,624 [INFO] Rule:220 - rule Change LPUART1CLockSelection refparam name for MP1 is applicable
2025-12-06 09:53:34,624 [INFO] Rule:220 - rule Change LPTIM1CLockSelection refparam name for MP1 is applicable
2025-12-06 09:53:34,624 [INFO] Rule:220 - rule Change LPTIM2CLockSelection refparam name for MP1 is applicable
2025-12-06 09:53:34,624 [INFO] Rule:220 - rule Change RCC_MCO1Source refparam name for MP1 is applicable
2025-12-06 09:53:34,624 [INFO] Rule:220 - rule Change LSCOSource1 refparam name for MP1 is applicable
2025-12-06 09:53:34,624 [INFO] Rule:220 - rule Change SMPSCLockSelection refparam name for MP1 is applicable
2025-12-06 09:53:34,624 [INFO] Rule:220 - rule Change LPTIM3CLockSelection refparam name for MP1 is applicable
2025-12-06 09:53:34,624 [INFO] Rule:220 - rule Change MPCBB* Default Template Mode to Parameters is applicable
2025-12-06 09:53:34,624 [INFO] Rule:220 - rule Change MPCWM* or MPCBB* Secure Mode to Parameters is applicable
2025-12-06 09:53:34,624 [INFO] Rule:220 - rule Change MPCWM* or MPCBB* No Secure Mode to Parameters is applicable
2025-12-06 09:53:34,624 [INFO] Rule:220 - rule Change TZSC IP Secure Mode to Parameters is applicable
2025-12-06 09:53:34,624 [INFO] Rule:220 - rule Change TZSC IP No Secure Mode to Parameters is applicable
2025-12-06 09:53:34,624 [INFO] Rule:220 - rule Change TZSC IP Privilege Mode to Parameters is applicable
2025-12-06 09:53:34,624 [INFO] Rule:220 - rule Change TZSC IP No Privilege Mode to Parameters is applicable
2025-12-06 09:53:34,624 [INFO] Rule:220 - rule Change TZIC IT Secure Mode to Parameters is applicable
2025-12-06 09:53:34,624 [INFO] Rule:220 - rule Change TZIC IT No Secure Mode to Parameters is applicable
2025-12-06 09:53:34,624 [INFO] Rule:220 - rule Add MPCBB1_NonSecureArea_Start_Address value with referenced to MPCBB1_NonSecureArea_Start value is applicable
2025-12-06 09:53:34,624 [INFO] Rule:220 - rule Add MPCBB2_NonSecureArea_Start_Address value with referenced to MPCBB2_NonSecureArea_Start value is applicable
2025-12-06 09:53:34,624 [INFO] Rule:220 - rule Add MPCWM1_NonSecureArea*_Start_Address value with referenced to MPCWM1_NonSecureArea*_Start value is applicable
2025-12-06 09:53:34,625 [INFO] Rule:220 - rule Add MPCWM2_NonSecureArea*_Start_Address value with referenced to MPCWM2_NonSecureArea*_Start value is applicable
2025-12-06 09:53:34,625 [INFO] Rule:220 - rule Add MPCWM3_NonSecureArea_Start_Address value with referenced to MPCWM3_NonSecureArea_Start value is applicable
2025-12-06 09:53:34,625 [INFO] Rule:220 - rule Change Default Value for PLL1UserDefinedConfig is applicable
2025-12-06 09:53:34,625 [INFO] Rule:220 - rule Change GPIO_PuPd Default Value for USART in async mode is applicable
2025-12-06 09:53:34,625 [INFO] Rule:220 - rule Change SMPSDivider Default Value is applicable
2025-12-06 09:53:34,625 [INFO] Rule:220 - rule OPAMP is applicable
2025-12-06 09:53:34,625 [INFO] Rule:220 - rule LPUART IPParameter rename Prescaler parameter to ClockPrescaler for STM32H7 is applicable
2025-12-06 09:53:34,625 [INFO] Rule:220 - rule LPUART IPParameter rename Prescaler parameter to ClockPrescaler for STM32H7 is applicable
2025-12-06 09:53:34,625 [INFO] Rule:220 - rule LPUART IPParameter rename Prescaler parameter to ClockPrescaler for STM32WB is applicable
2025-12-06 09:53:34,625 [INFO] Rule:220 - rule LPUART IPParameter rename Prescaler parameter to ClockPrescaler for STM32WB is applicable
2025-12-06 09:53:34,625 [INFO] Rule:220 - rule LPUART IPParameter rename Prescaler parameter to ClockPrescaler for STM32G4 is applicable
2025-12-06 09:53:34,625 [INFO] Rule:220 - rule LPUART IPParameter rename Prescaler parameter to ClockPrescaler for STM32G4 is applicable
2025-12-06 09:53:34,625 [INFO] Rule:220 - rule LPUART IPParameter rename Prescaler parameter to ClockPrescaler for STM32L5 is applicable
2025-12-06 09:53:34,625 [INFO] Rule:220 - rule LPUART IPParameter rename Prescaler parameter to ClockPrescaler for STM32G4 is applicable
2025-12-06 09:53:34,625 [INFO] Rule:220 - rule LPUART IPParameter rename Prescaler parameter to ClockPrescaler for STM32G4 is applicable
2025-12-06 09:53:34,625 [INFO] Rule:220 - rule USB device lib V2.5.3 for L0 rename USBD_SUPPORT_USER_STRING parameter to USBD_SUPPORT_USER_STRING_DESC4 is applicable
2025-12-06 09:53:34,625 [INFO] Rule:220 - rule I2SCLockSelection clock entry align is applicable
2025-12-06 09:53:34,625 [INFO] Rule:220 - rule Assign TIMx context if used as SYS timebase is applicable
2025-12-06 09:53:34,625 [INFO] Rule:220 - rule Change GPIO_Pu Default Value for I2C is applicable
2025-12-06 09:53:34,625 [INFO] Rule:220 - rule Change GPIO_Pu Default Value for SMBus is applicable
2025-12-06 09:53:34,631 [INFO] DbConfProperties:300 - Apply Compatibility (23/175 Rules)
2025-12-06 09:53:34,655 [INFO] ImportTextPane:167 - (OptionalMessage_ERROR) Unable to find key (Mcu.ThirdPartyNb) in loaded IOC file
2025-12-06 09:53:34,780 [WARN] ApiManager:304 - Cannot register API 'Board Extension:IKS02A1' from pack STMicroelectronics.X-CUBE-MEMS1.12.0.0: no header file found
2025-12-06 09:53:34,781 [WARN] ApiManager:304 - Cannot register API 'Board Extension:IKS4A1' from pack STMicroelectronics.X-CUBE-MEMS1.12.0.0: no header file found
2025-12-06 09:53:34,781 [WARN] ApiManager:304 - Cannot register API 'Board Extension:IKS5A1' from pack STMicroelectronics.X-CUBE-MEMS1.12.0.0: no header file found
2025-12-06 09:53:34,931 [WARN] ApiManager:304 - Cannot register API 'Board Extension:IKS01A3' from pack STMicroelectronics.X-CUBE-MEMS1.11.3.0: no header file found
2025-12-06 09:53:34,931 [WARN] ApiManager:304 - Cannot register API 'Board Extension:IKS02A1' from pack STMicroelectronics.X-CUBE-MEMS1.11.3.0: no header file found
2025-12-06 09:53:34,931 [WARN] ApiManager:304 - Cannot register API 'Board Extension:IKS4A1' from pack STMicroelectronics.X-CUBE-MEMS1.11.3.0: no header file found
2025-12-06 09:53:34,941 [INFO] RtosManager:484 - Registered RTOS mode: class=CMSIS, group=RTOS, mode=CMSIS_V1, owner=FREERTOS
2025-12-06 09:53:34,941 [INFO] RtosManager:484 - Registered RTOS mode: class=CMSIS, group=RTOS2, mode=CMSIS_V2, owner=FREERTOS
2025-12-06 09:53:34,941 [INFO] RtosManager:484 - Registered RTOS mode: class=RTOS, group=Core, mode=CMSIS_V1, owner=FREERTOS
2025-12-06 09:53:34,941 [INFO] RtosManager:484 - Registered RTOS mode: class=RTOS, group=Core, mode=CMSIS_V2, owner=FREERTOS
2025-12-06 09:53:34,941 [WARN] ModelIntegratedComponent:181 - Missing modes for component STMicroelectronics:FreeRTOS:0.0.1:STMicroelectronics:RTOS:FreeRTOS:Core:::10.2.0:
2025-12-06 09:53:34,944 [WARN] ModelIntegratedComponent:60 - No mode defined for component null
2025-12-06 09:53:34,944 [WARN] ModelIntegratedComponent:60 - No mode defined for component null
2025-12-06 09:53:34,944 [WARN] ModelIntegratedComponent:60 - No mode defined for component null
2025-12-06 09:53:34,944 [WARN] ModelIntegratedComponent:60 - No mode defined for component null
2025-12-06 09:53:34,944 [WARN] ModelIntegratedComponent:60 - No mode defined for component null
2025-12-06 09:53:34,944 [WARN] ModelIntegratedComponent:60 - No mode defined for component null
2025-12-06 09:53:34,944 [WARN] ModelIntegratedComponent:60 - No mode defined for component null
2025-12-06 09:53:34,944 [WARN] ModelIntegratedComponent:60 - No mode defined for component null
2025-12-06 09:53:34,944 [WARN] ModelIntegratedComponent:60 - No mode defined for component null
2025-12-06 09:53:34,944 [WARN] ModelIntegratedComponent:60 - No mode defined for component null
2025-12-06 09:53:34,944 [WARN] ModelIntegratedComponent:60 - No mode defined for component null
2025-12-06 09:53:34,944 [WARN] ModelIntegratedComponent:60 - No mode defined for component null
2025-12-06 09:53:34,944 [WARN] ModelIntegratedComponent:60 - No mode defined for component null
2025-12-06 09:53:34,944 [WARN] ModelIntegratedComponent:60 - No mode defined for component null
2025-12-06 09:53:34,945 [WARN] ModelIntegratedComponent:60 - No mode defined for component null
2025-12-06 09:53:34,945 [WARN] ModelIntegratedComponent:60 - No mode defined for component null
2025-12-06 09:53:34,945 [WARN] ModelIntegratedComponent:60 - No mode defined for component null
2025-12-06 09:53:34,945 [WARN] ModelIntegratedComponent:60 - No mode defined for component null
2025-12-06 09:53:34,945 [WARN] ModelIntegratedComponent:60 - No mode defined for component null
2025-12-06 09:53:34,945 [WARN] ModelIntegratedComponent:60 - No mode defined for component null
2025-12-06 09:53:34,945 [WARN] ModelIntegratedComponent:60 - No mode defined for component null
2025-12-06 09:53:34,945 [WARN] ModelIntegratedComponent:60 - No mode defined for component null
2025-12-06 09:53:34,945 [WARN] ModelIntegratedComponent:60 - No mode defined for component null
2025-12-06 09:53:34,945 [WARN] ModelIntegratedComponent:60 - No mode defined for component null
2025-12-06 09:53:34,945 [WARN] ModelIntegratedComponent:60 - No mode defined for component null
2025-12-06 09:53:34,945 [WARN] ModelIntegratedComponent:60 - No mode defined for component null
2025-12-06 09:53:34,945 [WARN] ModelIntegratedComponent:60 - No mode defined for component null
2025-12-06 09:53:34,945 [WARN] ModelIntegratedComponent:60 - No mode defined for component null
2025-12-06 09:53:34,945 [WARN] ModelIntegratedComponent:60 - No mode defined for component null
2025-12-06 09:53:34,945 [WARN] ModelIntegratedComponent:60 - No mode defined for component null
2025-12-06 09:53:34,945 [WARN] ModelIntegratedComponent:60 - No mode defined for component null
2025-12-06 09:53:34,946 [WARN] ApiManager:304 - Cannot register API 'Board Extension:GNSS1A1' from pack STMicroelectronics.X-CUBE-GNSS1.7.1.0: no header file found
2025-12-06 09:53:34,946 [WARN] ApiManager:304 - Cannot register API 'Board Support:Custom' from pack STMicroelectronics.X-CUBE-GNSS1.7.1.0: no header file found
2025-12-06 09:53:34,946 [WARN] ApiManager:304 - Cannot register API 'Data Exchange:lib_gnss' from pack STMicroelectronics.X-CUBE-GNSS1.7.1.0: no header file found
2025-12-06 09:53:34,947 [WARN] ApiManager:304 - Cannot register API 'Board Extension:GNSS1A1' from pack STMicroelectronics.X-CUBE-GNSS1.7.0.1: no header file found
2025-12-06 09:53:34,947 [WARN] ApiManager:304 - Cannot register API 'Board Support:Custom' from pack STMicroelectronics.X-CUBE-GNSS1.7.0.1: no header file found
2025-12-06 09:53:34,947 [WARN] ApiManager:304 - Cannot register API 'Data Exchange:lib_gnss' from pack STMicroelectronics.X-CUBE-GNSS1.7.0.1: no header file found
2025-12-06 09:53:35,336 [INFO] ImportTextPane:167 - (OptionalMessage_ERROR) IP (RCC) : Parameter (ADCFreqValue) has invalid value (32000000)
2025-12-06 09:53:35,336 [INFO] ImportTextPane:167 - (OptionalMessage_ERROR) IP (RCC) : Invalid parameter (FamilyName)
2025-12-06 09:53:35,336 [INFO] ImportTextPane:167 - (OptionalMessage_ERROR) IP (RCC) : Parameter (MCOFreq_Value) has invalid value (64000000)
2025-12-06 09:53:35,337 [INFO] ImportTextPane:167 - (OptionalMessage_ERROR) IP (RCC) : Parameter (USBFreq_Value) has invalid value (64000000)
2025-12-06 09:53:35,449 [INFO] UtilMem:74 - End LoadConfig() Used Memory: 951897600 Bytes (1067450368)
2025-12-06 09:53:35,459 [WARN] ThirdParty:779 - waiting for thirdparty lock release [change project]
2025-12-06 09:53:35,459 [INFO] ThirdParty:781 - entering critical section [change project]
2025-12-06 09:53:35,459 [INFO] ThirdParty:967 - CMSIS Pack Vendor :STMicroelectronics X-CUBE-MEMS1 12.0.0
2025-12-06 09:53:35,459 [INFO] ThirdParty:967 - CMSIS Pack Vendor :STMicroelectronics USB_HOST 2.0.0
2025-12-06 09:53:35,460 [INFO] ThirdParty:967 - CMSIS Pack Vendor :STMicroelectronics X-CUBE-MEMS1 11.3.0
2025-12-06 09:53:35,460 [INFO] ThirdParty:967 - CMSIS Pack Vendor :STMicroelectronics FreeRTOS 0.0.1
2025-12-06 09:53:35,460 [INFO] ThirdParty:967 - CMSIS Pack Vendor :STMicroelectronics USB_DEVICE 1.0.0
2025-12-06 09:53:35,460 [INFO] ThirdParty:967 - CMSIS Pack Vendor :STMicroelectronics X-CUBE-AZRTOS-H7RS 1.2.0
2025-12-06 09:53:35,460 [INFO] ThirdParty:967 - CMSIS Pack Vendor :STMicroelectronics X-CUBE-AZRTOS-H7RS 1.1.0
2025-12-06 09:53:35,460 [INFO] ThirdParty:967 - CMSIS Pack Vendor :STMicroelectronics USB_DEVICE 3.0.0
2025-12-06 09:53:35,460 [INFO] ThirdParty:967 - CMSIS Pack Vendor :STMicroelectronics HAL Drivers 0.0.0
2025-12-06 09:53:35,460 [INFO] ThirdParty:967 - CMSIS Pack Vendor :STMicroelectronics MBEDTLS 2.16.2
2025-12-06 09:53:35,460 [INFO] ThirdParty:967 - CMSIS Pack Vendor :STMicroelectronics ThreadX 0.0.2
2025-12-06 09:53:35,460 [INFO] ThirdParty:967 - CMSIS Pack Vendor :STMicroelectronics lwIP 2.0.3
2025-12-06 09:53:35,460 [INFO] ThirdParty:967 - CMSIS Pack Vendor :STMicroelectronics lwIP 2.1.2
2025-12-06 09:53:35,460 [INFO] ThirdParty:967 - CMSIS Pack Vendor :STMicroelectronics MBEDTLS 2.14.1
2025-12-06 09:53:35,460 [INFO] ThirdParty:967 - CMSIS Pack Vendor :STMicroelectronics X-CUBE-GNSS1 7.1.0
2025-12-06 09:53:35,460 [INFO] ThirdParty:967 - CMSIS Pack Vendor :STMicroelectronics X-CUBE-GNSS1 7.0.1
2025-12-06 09:53:35,460 [INFO] ThirdParty:967 - CMSIS Pack Vendor :STMicroelectronics USB_HOST 1.0.0
2025-12-06 09:53:35,460 [INFO] ThirdParty:967 - CMSIS Pack Vendor :STMicroelectronics X-CUBE-TOUCHGFX 4.26.0
2025-12-06 09:53:35,460 [INFO] ThirdParty:967 - CMSIS Pack Vendor :STMicroelectronics X-CUBE-TOUCHGFX 4.25.0
2025-12-06 09:53:35,460 [INFO] ThirdParty:967 - CMSIS Pack Vendor :STMicroelectronics PDM2PCM 3.1.0
2025-12-06 09:53:35,460 [INFO] ThirdParty:967 - CMSIS Pack Vendor :STMicroelectronics PDM2PCM 3.2.0
2025-12-06 09:53:35,460 [INFO] ThirdParty:967 - CMSIS Pack Vendor :STMicroelectronics USB_DEVICE 2.0.0
2025-12-06 09:53:35,460 [INFO] ThirdParty:967 - CMSIS Pack Vendor :STMicroelectronics PDM2PCM 3.3.0
2025-12-06 09:53:35,460 [INFO] ThirdParty:787 - exiting critical section [change project]
2025-12-06 09:53:35,619 [INFO] PinOutPanel:1463 - setPackage(No Configuration,No Configuration)
2025-12-06 09:53:35,619 [INFO] PinOutPanel:1463 - setPackage(STM32F103RBTx,LQFP64)
2025-12-06 09:53:35,846 [INFO] UtilMem:74 - Before build in PCC Used Memory: 932205696 Bytes (1067450368)
2025-12-06 09:53:36,235 [INFO] UtilMem:74 - After build in PCC Used Memory: 925916192 Bytes (1068498944)
2025-12-06 09:53:36,250 [INFO] IPUIPlugin:74 - create IPUIPlugin
2025-12-06 09:53:36,250 [INFO] IPUIPlugin:74 - create IPUIPlugin
2025-12-06 09:53:36,250 [INFO] IPUIPlugin:74 - create IPUIPlugin
2025-12-06 09:53:36,250 [INFO] IPUIPlugin:74 - create IPUIPlugin
2025-12-06 09:53:36,251 [INFO] IPUIPlugin:74 - create IPUIPlugin
2025-12-06 09:53:36,251 [INFO] IPUIPlugin:74 - create IPUIPlugin
2025-12-06 09:53:36,251 [INFO] IPUIPlugin:74 - create IPUIPlugin
2025-12-06 09:53:36,251 [INFO] IPUIPlugin:74 - create IPUIPlugin
2025-12-06 09:53:36,251 [INFO] IPUIPlugin:74 - create IPUIPlugin
2025-12-06 09:53:36,251 [INFO] IPUIPlugin:74 - create IPUIPlugin
2025-12-06 09:53:36,251 [INFO] IPUIPlugin:74 - create IPUIPlugin
2025-12-06 09:53:36,251 [INFO] IPUIPlugin:74 - create IPUIPlugin
2025-12-06 09:53:36,251 [INFO] IPUIPlugin:74 - create IPUIPlugin
2025-12-06 09:53:36,251 [INFO] IPUIPlugin:74 - create IPUIPlugin
2025-12-06 09:53:36,251 [INFO] IPUIPlugin:74 - create IPUIPlugin
2025-12-06 09:53:36,252 [INFO] IPUIPlugin:74 - create IPUIPlugin
2025-12-06 09:53:36,252 [INFO] IPUIPlugin:74 - create IPUIPlugin
2025-12-06 09:53:36,252 [INFO] IPUIPlugin:74 - create IPUIPlugin
2025-12-06 09:53:36,252 [INFO] IPUIPlugin:74 - create IPUIPlugin
2025-12-06 09:53:36,252 [INFO] IPUIPlugin:74 - create IPUIPlugin
2025-12-06 09:53:36,252 [INFO] IPUIPlugin:74 - create IPUIPlugin
2025-12-06 09:53:36,253 [INFO] IPUIPlugin:74 - create IPUIPlugin
2025-12-06 09:53:36,253 [INFO] IPUIPlugin:74 - create IPUIPlugin
2025-12-06 09:53:36,253 [INFO] IPUIPlugin:74 - create IPUIPlugin
2025-12-06 09:53:36,253 [INFO] IPUIPlugin:74 - create IPUIPlugin
2025-12-06 09:53:36,253 [INFO] IPUIPlugin:74 - create IPUIPlugin
2025-12-06 09:53:36,254 [INFO] IPUIPlugin:74 - create IPUIPlugin
2025-12-06 09:53:36,327 [INFO] OpenFileManager:333 - Restore cursor
2025-12-06 09:53:36,539 [INFO] UtilMem:74 - End SaveConfig() Used Memory: 958394152 Bytes (1068498944)
2025-12-06 09:53:36,578 [INFO] UtilMem:74 - End SaveConfig() Used Memory: 973596456 Bytes (1068498944)
2025-12-06 09:53:36,768 [INFO] BlockDiagram:2740 - set Specific Code input for plugin: NVIC
2025-12-06 09:53:36,768 [INFO] BlockDiagram:2740 - set Specific Code input for plugin: USART
2025-12-06 09:53:36,768 [INFO] BlockDiagram:2740 - set Specific Code input for plugin: SYS
2025-12-06 09:53:36,769 [INFO] BlockDiagram:2740 - set Specific Code input for plugin: GPIO
2025-12-06 09:53:36,769 [INFO] BlockDiagram:2740 - set Specific Code input for plugin: RCC
2025-12-06 09:53:36,769 [INFO] CodeGenerator:663 - code generatio: config db path: D:\STM32CubeIDE_1.7.0\STM32CubeIDE\plugins\com.st.stm32cube.common.mx_6.3.0.202107141111\\db\
2025-12-06 09:53:37,010 [INFO] CodeEngine:239 - oldGeneratedFile, D:\MCU\MCU_ASSIGNMENT\MCU_ASSIGNMENT\MXTmpFiles\license.tmp_save
2025-12-06 09:53:37,244 [INFO] CodeEngine:257 - Generated code: D:\MCU\MCU_ASSIGNMENT\MCU_ASSIGNMENT\MXTmpFiles\license.tmp
2025-12-06 09:53:37,339 [INFO] CodeEngine:239 - oldGeneratedFile, D:\MCU\MCU_ASSIGNMENT\MCU_ASSIGNMENT\MXTmpFiles\gpio.tmp_save
2025-12-06 09:53:37,405 [INFO] CodeEngine:257 - Generated code: D:\MCU\MCU_ASSIGNMENT\MCU_ASSIGNMENT\MXTmpFiles\gpio.tmp
2025-12-06 09:53:37,488 [INFO] CodeEngine:239 - oldGeneratedFile, D:\MCU\MCU_ASSIGNMENT\MCU_ASSIGNMENT\Core\Src\stm32f1xx_it.c_save
2025-12-06 09:53:37,578 [INFO] CodeEngine:257 - Generated code: D:\MCU\MCU_ASSIGNMENT\MCU_ASSIGNMENT\Core\Src\stm32f1xx_it.c
2025-12-06 09:53:37,586 [INFO] CodeEngine:239 - oldGeneratedFile, D:\MCU\MCU_ASSIGNMENT\MCU_ASSIGNMENT\Core\Inc\stm32f1xx_it.h_save
2025-12-06 09:53:37,854 [INFO] CodeEngine:257 - Generated code: D:\MCU\MCU_ASSIGNMENT\MCU_ASSIGNMENT\Core\Inc\stm32f1xx_it.h
2025-12-06 09:53:37,867 [INFO] CodeEngine:239 - oldGeneratedFile, D:\MCU\MCU_ASSIGNMENT\MCU_ASSIGNMENT\Core\Src\stm32f1xx_hal_msp.c_save
2025-12-06 09:53:37,946 [INFO] CodeEngine:257 - Generated code: D:\MCU\MCU_ASSIGNMENT\MCU_ASSIGNMENT\Core\Src\stm32f1xx_hal_msp.c
2025-12-06 09:53:37,953 [INFO] CodeEngine:239 - oldGeneratedFile, D:\MCU\MCU_ASSIGNMENT\MCU_ASSIGNMENT\MXTmpFiles\system.tmp_save
2025-12-06 09:53:37,994 [INFO] CodeEngine:257 - Generated code: D:\MCU\MCU_ASSIGNMENT\MCU_ASSIGNMENT\MXTmpFiles\system.tmp
2025-12-06 09:53:38,007 [INFO] CodeEngine:239 - oldGeneratedFile, D:\MCU\MCU_ASSIGNMENT\MCU_ASSIGNMENT\Core\Inc\stm32f1xx_hal_conf.h_save
2025-12-06 09:53:38,067 [INFO] CodeEngine:257 - Generated code: D:\MCU\MCU_ASSIGNMENT\MCU_ASSIGNMENT\Core\Inc\stm32f1xx_hal_conf.h
2025-12-06 09:53:38,106 [INFO] CodeEngine:239 - oldGeneratedFile, D:\MCU\MCU_ASSIGNMENT\MCU_ASSIGNMENT\Core\Inc\main.h_save
2025-12-06 09:53:38,184 [INFO] CodeEngine:257 - Generated code: D:\MCU\MCU_ASSIGNMENT\MCU_ASSIGNMENT\Core\Inc\main.h
2025-12-06 09:53:38,196 [INFO] CodeEngine:239 - oldGeneratedFile, D:\MCU\MCU_ASSIGNMENT\MCU_ASSIGNMENT\Core\Src\main.c_save
2025-12-06 09:53:38,297 [INFO] CodeEngine:257 - Generated code: D:\MCU\MCU_ASSIGNMENT\MCU_ASSIGNMENT\Core\Src\main.c
2025-12-06 09:53:38,925 [INFO] ProjectBuilder:2578 - Time for Copy HAL[1] : 49mS.
2025-12-06 09:53:38,928 [INFO] ProjectBuilder:3622 - Project Generator version: 3.14.1
2025-12-06 09:53:39,172 [INFO] ConfigFileManager:1271 - The Die is : DIE410
2025-12-06 09:53:39,192 [INFO] ApiDbMcu:468 - Load IP Config File for FATFS
2025-12-06 09:53:39,218 [INFO] ApiDbMcu:468 - Load IP Config File for FREERTOS
2025-12-06 09:53:39,241 [INFO] ApiDbMcu:468 - Load IP Config File for USB_DEVICE
2025-12-06 09:53:42,986 [INFO] ProjectBuilder:3789 - Time for Generating toolchain IDE Files: 4058mS.
2025-12-06 09:53:42,986 [INFO] ProjectBuilder:2457 - Time for Copy CMSIS : 0mS.
2025-12-06 09:53:42,987 [INFO] ProjectBuilder:2457 - Time for Copy CMSIS : 0mS.
2025-12-06 09:53:43,908 [INFO] McuFinderGlobals:52 - Set McuFinderConnectedMode to true
2025-12-06 09:53:43,909 [INFO] ApiDb:276 - Save user favorites file C:\Users\Sang/.stm32cubeide/favorites.mcus.txt: 0 item(s)
2025-12-06 09:53:43,909 [INFO] ApiDb:280 - User favorites MCUs=[]
2025-12-06 09:53:43,911 [INFO] ApiDb:276 - Save user favorites file C:\Users\Sang/.stm32cubeide/favorites.boards.txt: 0 item(s)
2025-12-06 09:53:43,911 [INFO] ApiDb:280 - User favorites Boards=[]
2025-12-06 09:54:47,907 [INFO] DmaTabbedPanel:198 - Cannot restore the selected Tab for DMA
2025-12-06 09:54:51,166 [INFO] Gpio:254 - dependency for GPIO [RCC, SYS, USART2]
2025-12-06 09:54:52,899 [INFO] Gpio:254 - dependency for GPIO [RCC, SYS, USART2]
2025-12-06 09:55:17,870 [INFO] NvicIntPanel:96 - NVIC parent = com.st.microxplorer.plugins.ip.nvic.MultiNvicIntPanel[,0,0,0x0,invalid,layout=javax.swing.BoxLayout,alignmentX=0.0,alignmentY=0.0,border=,flags=9,maximumSize=,minimumSize=,preferredSize=]
2025-12-06 09:55:20,160 [INFO] NvicIntPanel:96 - NVIC parent = com.st.microxplorer.plugins.ip.nvic.MultiNvicIntPanel[,0,0,0x0,invalid,layout=javax.swing.BoxLayout,alignmentX=0.0,alignmentY=0.0,border=,flags=9,maximumSize=,minimumSize=,preferredSize=]
2025-12-06 09:56:59,736 [INFO] UtilMem:74 - End SaveConfig() Used Memory: 912559112 Bytes (1073741824)
2025-12-06 09:57:01,394 [INFO] UtilMem:74 - End SaveConfig() Used Memory: 946606520 Bytes (1073741824)
2025-12-06 09:57:03,328 [INFO] UtilMem:74 - End SaveConfig() Used Memory: 920395384 Bytes (1073741824)
2025-12-06 09:57:03,542 [INFO] BlockDiagram:2740 - set Specific Code input for plugin: NVIC
2025-12-06 09:57:03,543 [INFO] BlockDiagram:2740 - set Specific Code input for plugin: USART
2025-12-06 09:57:03,543 [INFO] BlockDiagram:2740 - set Specific Code input for plugin: TIM1_8F1
2025-12-06 09:57:03,543 [INFO] BlockDiagram:2740 - set Specific Code input for plugin: SYS
2025-12-06 09:57:03,543 [INFO] BlockDiagram:2740 - set Specific Code input for plugin: GPIO
2025-12-06 09:57:03,543 [INFO] BlockDiagram:2740 - set Specific Code input for plugin: RCC
2025-12-06 09:57:03,544 [INFO] CodeGenerator:663 - code generatio: config db path: D:\STM32CubeIDE_1.7.0\STM32CubeIDE\plugins\com.st.stm32cube.common.mx_6.3.0.202107141111\\db\
2025-12-06 09:57:03,713 [INFO] CodeEngine:239 - oldGeneratedFile, D:\MCU\MCU_ASSIGNMENT\MCU_ASSIGNMENT\MXTmpFiles\license.tmp_save
2025-12-06 09:57:03,755 [INFO] CodeEngine:257 - Generated code: D:\MCU\MCU_ASSIGNMENT\MCU_ASSIGNMENT\MXTmpFiles\license.tmp
2025-12-06 09:57:03,766 [INFO] CodeEngine:239 - oldGeneratedFile, D:\MCU\MCU_ASSIGNMENT\MCU_ASSIGNMENT\MXTmpFiles\gpio.tmp_save
2025-12-06 09:57:03,822 [INFO] CodeEngine:257 - Generated code: D:\MCU\MCU_ASSIGNMENT\MCU_ASSIGNMENT\MXTmpFiles\gpio.tmp
2025-12-06 09:57:03,934 [INFO] CodeEngine:239 - oldGeneratedFile, D:\MCU\MCU_ASSIGNMENT\MCU_ASSIGNMENT\Core\Src\stm32f1xx_it.c_save
2025-12-06 09:57:04,203 [INFO] CodeEngine:257 - Generated code: D:\MCU\MCU_ASSIGNMENT\MCU_ASSIGNMENT\Core\Src\stm32f1xx_it.c
2025-12-06 09:57:04,205 [INFO] CodeEngine:239 - oldGeneratedFile, D:\MCU\MCU_ASSIGNMENT\MCU_ASSIGNMENT\Core\Inc\stm32f1xx_it.h_save
2025-12-06 09:57:04,257 [INFO] CodeEngine:257 - Generated code: D:\MCU\MCU_ASSIGNMENT\MCU_ASSIGNMENT\Core\Inc\stm32f1xx_it.h
2025-12-06 09:57:04,270 [INFO] CodeEngine:239 - oldGeneratedFile, D:\MCU\MCU_ASSIGNMENT\MCU_ASSIGNMENT\Core\Src\stm32f1xx_hal_msp.c_save
2025-12-06 09:57:04,349 [INFO] CodeEngine:257 - Generated code: D:\MCU\MCU_ASSIGNMENT\MCU_ASSIGNMENT\Core\Src\stm32f1xx_hal_msp.c
2025-12-06 09:57:04,350 [INFO] CodeEngine:239 - oldGeneratedFile, D:\MCU\MCU_ASSIGNMENT\MCU_ASSIGNMENT\MXTmpFiles\system.tmp_save
2025-12-06 09:57:04,387 [INFO] CodeEngine:257 - Generated code: D:\MCU\MCU_ASSIGNMENT\MCU_ASSIGNMENT\MXTmpFiles\system.tmp
2025-12-06 09:57:04,399 [INFO] CodeEngine:239 - oldGeneratedFile, D:\MCU\MCU_ASSIGNMENT\MCU_ASSIGNMENT\Core\Inc\stm32f1xx_hal_conf.h_save
2025-12-06 09:57:04,458 [INFO] CodeEngine:257 - Generated code: D:\MCU\MCU_ASSIGNMENT\MCU_ASSIGNMENT\Core\Inc\stm32f1xx_hal_conf.h
2025-12-06 09:57:04,476 [WARN] IPConfigManager:3148 - IP not found : TIM
2025-12-06 09:57:04,476 [WARN] CodeGenerator:3268 - IP not found : null
2025-12-06 09:57:04,486 [INFO] CodeEngine:239 - oldGeneratedFile, D:\MCU\MCU_ASSIGNMENT\MCU_ASSIGNMENT\Core\Inc\main.h_save
2025-12-06 09:57:04,530 [INFO] CodeEngine:257 - Generated code: D:\MCU\MCU_ASSIGNMENT\MCU_ASSIGNMENT\Core\Inc\main.h
2025-12-06 09:57:04,540 [INFO] CodeEngine:239 - oldGeneratedFile, D:\MCU\MCU_ASSIGNMENT\MCU_ASSIGNMENT\Core\Src\main.c_save
2025-12-06 09:57:04,638 [INFO] CodeEngine:257 - Generated code: D:\MCU\MCU_ASSIGNMENT\MCU_ASSIGNMENT\Core\Src\main.c
2025-12-06 09:57:05,259 [INFO] ProjectBuilder:2578 - Time for Copy HAL[1] : 49mS.
2025-12-06 09:57:05,261 [INFO] ProjectBuilder:3622 - Project Generator version: 3.14.1
2025-12-06 09:57:05,506 [INFO] ConfigFileManager:1271 - The Die is : DIE410
2025-12-06 09:57:07,102 [INFO] ProjectBuilder:3789 - Time for Generating toolchain IDE Files: 1841mS.
2025-12-06 09:57:07,102 [INFO] ProjectBuilder:2457 - Time for Copy CMSIS : 0mS.
2025-12-06 09:57:07,103 [INFO] ProjectBuilder:2457 - Time for Copy CMSIS : 0mS.
2025-12-06 10:17:47,792 [WARN] IP:2125 - I2C_Coeff_DF not found: check if there is a RefParameter without a condition.
2025-12-06 10:17:47,792 [WARN] IP:2125 - Analog_Filter not found: check if there is a RefParameter without a condition.
2025-12-06 10:17:47,803 [WARN] IP:2125 - I2C_Coeff_DF not found: check if there is a RefParameter without a condition.
2025-12-06 10:17:47,803 [WARN] IP:2125 - Analog_Filter not found: check if there is a RefParameter without a condition.
2025-12-06 10:17:47,803 [WARN] IP:2125 - I2C_Coeff_DF not found: check if there is a RefParameter without a condition.
2025-12-06 10:17:47,803 [WARN] IP:2125 - Analog_Filter not found: check if there is a RefParameter without a condition.
2025-12-06 10:17:47,819 [WARN] IP:2125 - I2C_Coeff_DF not found: check if there is a RefParameter without a condition.
2025-12-06 10:17:47,819 [WARN] IP:2125 - Analog_Filter not found: check if there is a RefParameter without a condition.
2025-12-06 10:17:47,820 [WARN] IP:2125 - I2C_Coeff_DF not found: check if there is a RefParameter without a condition.
2025-12-06 10:17:47,820 [WARN] IP:2125 - Analog_Filter not found: check if there is a RefParameter without a condition.
2025-12-06 10:17:47,830 [WARN] IP:2125 - I2C_Coeff_DF not found: check if there is a RefParameter without a condition.
2025-12-06 10:17:47,830 [WARN] IP:2125 - Analog_Filter not found: check if there is a RefParameter without a condition.
2025-12-06 10:17:47,831 [WARN] IP:2125 - I2C_Coeff_DF not found: check if there is a RefParameter without a condition.
2025-12-06 10:17:47,831 [WARN] IP:2125 - Analog_Filter not found: check if there is a RefParameter without a condition.
2025-12-06 10:17:47,862 [WARN] IP:2125 - I2C_Coeff_DF not found: check if there is a RefParameter without a condition.
2025-12-06 10:17:47,862 [WARN] IP:2125 - Analog_Filter not found: check if there is a RefParameter without a condition.
2025-12-06 10:17:47,863 [WARN] IP:2125 - I2C_Coeff_DF not found: check if there is a RefParameter without a condition.
2025-12-06 10:17:47,863 [WARN] IP:2125 - Analog_Filter not found: check if there is a RefParameter without a condition.
2025-12-06 10:17:47,866 [WARN] IP:2125 - I2C_Coeff_DF not found: check if there is a RefParameter without a condition.
2025-12-06 10:17:47,866 [WARN] IP:2125 - Analog_Filter not found: check if there is a RefParameter without a condition.
2025-12-06 10:18:00,636 [INFO] Gpio:254 - dependency for GPIO [I2C1, RCC, SYS, USART2]
2025-12-06 10:18:17,115 [INFO] Gpio:254 - dependency for GPIO [I2C1, RCC, SYS, USART2]
2025-12-06 10:18:51,737 [INFO] UtilMem:74 - End SaveConfig() Used Memory: 975989248 Bytes (1073741824)
2025-12-06 10:18:53,162 [INFO] UtilMem:74 - End SaveConfig() Used Memory: 959672344 Bytes (1073741824)
2025-12-06 10:18:54,899 [INFO] UtilMem:74 - End SaveConfig() Used Memory: 953186816 Bytes (1073741824)
2025-12-06 10:18:55,059 [INFO] BlockDiagram:2740 - set Specific Code input for plugin: NVIC
2025-12-06 10:18:55,059 [INFO] BlockDiagram:2740 - set Specific Code input for plugin: USART
2025-12-06 10:18:55,059 [INFO] BlockDiagram:2740 - set Specific Code input for plugin: SYS
2025-12-06 10:18:55,060 [INFO] BlockDiagram:2740 - set Specific Code input for plugin: GPIO
2025-12-06 10:18:55,060 [INFO] BlockDiagram:2740 - set Specific Code input for plugin: RCC
2025-12-06 10:18:55,060 [INFO] BlockDiagram:2740 - set Specific Code input for plugin: I2C
2025-12-06 10:18:55,060 [INFO] CodeGenerator:663 - code generatio: config db path: D:\STM32CubeIDE_1.7.0\STM32CubeIDE\plugins\com.st.stm32cube.common.mx_6.3.0.202107141111\\db\
2025-12-06 10:18:55,073 [WARN] IP:2125 - I2C_Coeff_DF not found: check if there is a RefParameter without a condition.
2025-12-06 10:18:55,074 [WARN] IP:2125 - Analog_Filter not found: check if there is a RefParameter without a condition.
2025-12-06 10:18:55,456 [INFO] CodeEngine:239 - oldGeneratedFile, D:\MCU\MCU_ASSIGNMENT\MCU_ASSIGNMENT\MXTmpFiles\license.tmp_save
2025-12-06 10:18:55,503 [INFO] CodeEngine:257 - Generated code: D:\MCU\MCU_ASSIGNMENT\MCU_ASSIGNMENT\MXTmpFiles\license.tmp
2025-12-06 10:18:55,534 [INFO] CodeEngine:239 - oldGeneratedFile, D:\MCU\MCU_ASSIGNMENT\MCU_ASSIGNMENT\MXTmpFiles\gpio.tmp_save
2025-12-06 10:18:55,594 [INFO] CodeEngine:257 - Generated code: D:\MCU\MCU_ASSIGNMENT\MCU_ASSIGNMENT\MXTmpFiles\gpio.tmp
2025-12-06 10:18:55,611 [ERROR] IPConfigManager:1513 - ERROR: the RefConfig I2C_Analogue is not available in your config.xml file
2025-12-06 10:18:55,612 [ERROR] IPConfigManager:1513 - ERROR: the RefConfig I2C_DigitalFolter is not available in your config.xml file
2025-12-06 10:18:55,701 [INFO] CodeEngine:239 - oldGeneratedFile, D:\MCU\MCU_ASSIGNMENT\MCU_ASSIGNMENT\Core\Src\stm32f1xx_it.c_save
2025-12-06 10:18:55,760 [INFO] CodeEngine:257 - Generated code: D:\MCU\MCU_ASSIGNMENT\MCU_ASSIGNMENT\Core\Src\stm32f1xx_it.c
2025-12-06 10:18:55,763 [INFO] CodeEngine:239 - oldGeneratedFile, D:\MCU\MCU_ASSIGNMENT\MCU_ASSIGNMENT\Core\Inc\stm32f1xx_it.h_save
2025-12-06 10:18:55,807 [INFO] CodeEngine:257 - Generated code: D:\MCU\MCU_ASSIGNMENT\MCU_ASSIGNMENT\Core\Inc\stm32f1xx_it.h
2025-12-06 10:18:55,824 [INFO] CodeEngine:239 - oldGeneratedFile, D:\MCU\MCU_ASSIGNMENT\MCU_ASSIGNMENT\Core\Src\stm32f1xx_hal_msp.c_save
2025-12-06 10:18:55,913 [INFO] CodeEngine:257 - Generated code: D:\MCU\MCU_ASSIGNMENT\MCU_ASSIGNMENT\Core\Src\stm32f1xx_hal_msp.c
2025-12-06 10:18:55,916 [INFO] CodeEngine:239 - oldGeneratedFile, D:\MCU\MCU_ASSIGNMENT\MCU_ASSIGNMENT\MXTmpFiles\system.tmp_save
2025-12-06 10:18:55,952 [INFO] CodeEngine:257 - Generated code: D:\MCU\MCU_ASSIGNMENT\MCU_ASSIGNMENT\MXTmpFiles\system.tmp
2025-12-06 10:18:55,963 [INFO] CodeEngine:239 - oldGeneratedFile, D:\MCU\MCU_ASSIGNMENT\MCU_ASSIGNMENT\Core\Inc\stm32f1xx_hal_conf.h_save
2025-12-06 10:18:56,020 [INFO] CodeEngine:257 - Generated code: D:\MCU\MCU_ASSIGNMENT\MCU_ASSIGNMENT\Core\Inc\stm32f1xx_hal_conf.h
2025-12-06 10:18:56,048 [INFO] CodeEngine:239 - oldGeneratedFile, D:\MCU\MCU_ASSIGNMENT\MCU_ASSIGNMENT\Core\Inc\main.h_save
2025-12-06 10:18:56,094 [INFO] CodeEngine:257 - Generated code: D:\MCU\MCU_ASSIGNMENT\MCU_ASSIGNMENT\Core\Inc\main.h
2025-12-06 10:18:56,108 [INFO] CodeEngine:239 - oldGeneratedFile, D:\MCU\MCU_ASSIGNMENT\MCU_ASSIGNMENT\Core\Src\main.c_save
2025-12-06 10:18:56,199 [INFO] CodeEngine:257 - Generated code: D:\MCU\MCU_ASSIGNMENT\MCU_ASSIGNMENT\Core\Src\main.c
2025-12-06 10:18:56,895 [INFO] ProjectBuilder:2578 - Time for Copy HAL[1] : 91mS.
2025-12-06 10:18:56,899 [INFO] ProjectBuilder:3622 - Project Generator version: 3.14.1
2025-12-06 10:18:57,207 [INFO] ConfigFileManager:1271 - The Die is : DIE410
2025-12-06 10:18:59,030 [INFO] ProjectBuilder:3789 - Time for Generating toolchain IDE Files: 2131mS.
2025-12-06 10:18:59,031 [INFO] ProjectBuilder:2457 - Time for Copy CMSIS : 0mS.
2025-12-06 10:18:59,033 [INFO] ProjectBuilder:2457 - Time for Copy CMSIS : 0mS.
2025-12-06 10:28:53,678 [INFO] UtilMem:74 - End SaveConfig() Used Memory: 976819512 Bytes (1073741824)
2025-12-06 10:28:55,316 [INFO] UtilMem:74 - End SaveConfig() Used Memory: 952103744 Bytes (1073741824)
2025-12-06 10:28:56,629 [INFO] UtilMem:74 - End SaveConfig() Used Memory: 955025048 Bytes (1073741824)
2025-12-06 10:28:56,830 [INFO] BlockDiagram:2740 - set Specific Code input for plugin: NVIC
2025-12-06 10:28:56,830 [INFO] BlockDiagram:2740 - set Specific Code input for plugin: USART
2025-12-06 10:28:56,830 [INFO] BlockDiagram:2740 - set Specific Code input for plugin: TIM1_8F1
2025-12-06 10:28:56,830 [INFO] BlockDiagram:2740 - set Specific Code input for plugin: SYS
2025-12-06 10:28:56,831 [INFO] BlockDiagram:2740 - set Specific Code input for plugin: GPIO
2025-12-06 10:28:56,831 [INFO] BlockDiagram:2740 - set Specific Code input for plugin: RCC
2025-12-06 10:28:56,831 [INFO] BlockDiagram:2740 - set Specific Code input for plugin: I2C
2025-12-06 10:28:56,831 [INFO] CodeGenerator:663 - code generatio: config db path: D:\STM32CubeIDE_1.7.0\STM32CubeIDE\plugins\com.st.stm32cube.common.mx_6.3.0.202107141111\\db\
2025-12-06 10:28:56,834 [WARN] IP:2125 - I2C_Coeff_DF not found: check if there is a RefParameter without a condition.
2025-12-06 10:28:56,834 [WARN] IP:2125 - Analog_Filter not found: check if there is a RefParameter without a condition.
2025-12-06 10:28:57,223 [INFO] CodeEngine:239 - oldGeneratedFile, D:\MCU\MCU_ASSIGNMENT\MCU_ASSIGNMENT\MXTmpFiles\license.tmp_save
2025-12-06 10:28:57,287 [INFO] CodeEngine:257 - Generated code: D:\MCU\MCU_ASSIGNMENT\MCU_ASSIGNMENT\MXTmpFiles\license.tmp
2025-12-06 10:28:57,314 [INFO] CodeEngine:239 - oldGeneratedFile, D:\MCU\MCU_ASSIGNMENT\MCU_ASSIGNMENT\MXTmpFiles\gpio.tmp_save
2025-12-06 10:28:57,374 [INFO] CodeEngine:257 - Generated code: D:\MCU\MCU_ASSIGNMENT\MCU_ASSIGNMENT\MXTmpFiles\gpio.tmp
2025-12-06 10:28:57,382 [ERROR] IPConfigManager:1513 - ERROR: the RefConfig I2C_Analogue is not available in your config.xml file
2025-12-06 10:28:57,382 [ERROR] IPConfigManager:1513 - ERROR: the RefConfig I2C_DigitalFolter is not available in your config.xml file
2025-12-06 10:28:57,542 [INFO] CodeEngine:239 - oldGeneratedFile, D:\MCU\MCU_ASSIGNMENT\MCU_ASSIGNMENT\Core\Src\stm32f1xx_it.c_save
2025-12-06 10:28:57,608 [INFO] CodeEngine:257 - Generated code: D:\MCU\MCU_ASSIGNMENT\MCU_ASSIGNMENT\Core\Src\stm32f1xx_it.c
2025-12-06 10:28:57,611 [INFO] CodeEngine:239 - oldGeneratedFile, D:\MCU\MCU_ASSIGNMENT\MCU_ASSIGNMENT\Core\Inc\stm32f1xx_it.h_save
2025-12-06 10:28:57,667 [INFO] CodeEngine:257 - Generated code: D:\MCU\MCU_ASSIGNMENT\MCU_ASSIGNMENT\Core\Inc\stm32f1xx_it.h
2025-12-06 10:28:57,681 [INFO] CodeEngine:239 - oldGeneratedFile, D:\MCU\MCU_ASSIGNMENT\MCU_ASSIGNMENT\Core\Src\stm32f1xx_hal_msp.c_save
2025-12-06 10:28:57,788 [INFO] CodeEngine:257 - Generated code: D:\MCU\MCU_ASSIGNMENT\MCU_ASSIGNMENT\Core\Src\stm32f1xx_hal_msp.c
2025-12-06 10:28:57,790 [INFO] CodeEngine:239 - oldGeneratedFile, D:\MCU\MCU_ASSIGNMENT\MCU_ASSIGNMENT\MXTmpFiles\system.tmp_save
2025-12-06 10:28:57,824 [INFO] CodeEngine:257 - Generated code: D:\MCU\MCU_ASSIGNMENT\MCU_ASSIGNMENT\MXTmpFiles\system.tmp
2025-12-06 10:28:57,840 [INFO] CodeEngine:239 - oldGeneratedFile, D:\MCU\MCU_ASSIGNMENT\MCU_ASSIGNMENT\Core\Inc\stm32f1xx_hal_conf.h_save
2025-12-06 10:28:57,907 [INFO] CodeEngine:257 - Generated code: D:\MCU\MCU_ASSIGNMENT\MCU_ASSIGNMENT\Core\Inc\stm32f1xx_hal_conf.h
2025-12-06 10:28:57,930 [WARN] IPConfigManager:3148 - IP not found : TIM
2025-12-06 10:28:57,930 [WARN] CodeGenerator:3268 - IP not found : null
2025-12-06 10:28:57,940 [INFO] CodeEngine:239 - oldGeneratedFile, D:\MCU\MCU_ASSIGNMENT\MCU_ASSIGNMENT\Core\Inc\main.h_save
2025-12-06 10:28:57,981 [INFO] CodeEngine:257 - Generated code: D:\MCU\MCU_ASSIGNMENT\MCU_ASSIGNMENT\Core\Inc\main.h
2025-12-06 10:28:57,991 [INFO] CodeEngine:239 - oldGeneratedFile, D:\MCU\MCU_ASSIGNMENT\MCU_ASSIGNMENT\Core\Src\main.c_save
2025-12-06 10:28:58,088 [INFO] CodeEngine:257 - Generated code: D:\MCU\MCU_ASSIGNMENT\MCU_ASSIGNMENT\Core\Src\main.c
2025-12-06 10:28:58,725 [INFO] ProjectBuilder:2578 - Time for Copy HAL[1] : 51mS.
2025-12-06 10:28:58,727 [INFO] ProjectBuilder:3622 - Project Generator version: 3.14.1
2025-12-06 10:28:58,987 [INFO] ConfigFileManager:1271 - The Die is : DIE410
2025-12-06 10:29:00,298 [INFO] ProjectBuilder:3789 - Time for Generating toolchain IDE Files: 1571mS.
2025-12-06 10:29:00,299 [INFO] ProjectBuilder:2457 - Time for Copy CMSIS : 1mS.
2025-12-06 10:29:00,299 [INFO] ProjectBuilder:2457 - Time for Copy CMSIS : 0mS.
2025-12-06 11:07:31,049 [WARN] IP:2125 - I2C_Coeff_DF not found: check if there is a RefParameter without a condition.
2025-12-06 11:07:31,049 [WARN] IP:2125 - Analog_Filter not found: check if there is a RefParameter without a condition.
2025-12-06 11:07:31,049 [WARN] IP:2125 - I2C_Coeff_DF not found: check if there is a RefParameter without a condition.
2025-12-06 11:07:31,050 [WARN] IP:2125 - Analog_Filter not found: check if there is a RefParameter without a condition.
2025-12-06 11:08:19,621 [WARN] IP:2125 - I2C_Coeff_DF not found: check if there is a RefParameter without a condition.
2025-12-06 11:08:19,622 [WARN] IP:2125 - Analog_Filter not found: check if there is a RefParameter without a condition.
2025-12-06 11:08:19,622 [WARN] IP:2125 - I2C_Coeff_DF not found: check if there is a RefParameter without a condition.
2025-12-06 11:08:19,622 [WARN] IP:2125 - Analog_Filter not found: check if there is a RefParameter without a condition.
2025-12-06 11:08:19,636 [WARN] IP:2125 - I2C_Coeff_DF not found: check if there is a RefParameter without a condition.
2025-12-06 11:08:19,637 [WARN] IP:2125 - Analog_Filter not found: check if there is a RefParameter without a condition.
2025-12-06 11:08:19,651 [WARN] IP:2125 - I2C_Coeff_DF not found: check if there is a RefParameter without a condition.
2025-12-06 11:08:19,651 [WARN] IP:2125 - Analog_Filter not found: check if there is a RefParameter without a condition.
2025-12-06 11:08:26,677 [WARN] IP:2125 - I2C_Coeff_DF not found: check if there is a RefParameter without a condition.
2025-12-06 11:08:26,677 [WARN] IP:2125 - Analog_Filter not found: check if there is a RefParameter without a condition.
2025-12-06 11:08:26,678 [WARN] IP:2125 - I2C_Coeff_DF not found: check if there is a RefParameter without a condition.
2025-12-06 11:08:26,678 [WARN] IP:2125 - Analog_Filter not found: check if there is a RefParameter without a condition.
2025-12-06 11:08:26,693 [WARN] IP:2125 - I2C_Coeff_DF not found: check if there is a RefParameter without a condition.
2025-12-06 11:08:26,693 [WARN] IP:2125 - Analog_Filter not found: check if there is a RefParameter without a condition.
2025-12-06 11:08:26,710 [WARN] IP:2125 - I2C_Coeff_DF not found: check if there is a RefParameter without a condition.
2025-12-06 11:08:26,711 [WARN] IP:2125 - Analog_Filter not found: check if there is a RefParameter without a condition.
2025-12-06 11:09:26,593 [INFO] UtilMem:74 - End SaveConfig() Used Memory: 1000260320 Bytes (1073741824)
2025-12-06 11:09:27,738 [INFO] UtilMem:74 - End SaveConfig() Used Memory: 978017640 Bytes (1073741824)
2025-12-06 11:09:29,104 [INFO] UtilMem:74 - End SaveConfig() Used Memory: 1003485168 Bytes (1073741824)
2025-12-06 11:09:29,306 [INFO] BlockDiagram:2740 - set Specific Code input for plugin: NVIC
2025-12-06 11:09:29,307 [INFO] BlockDiagram:2740 - set Specific Code input for plugin: USART
2025-12-06 11:09:29,307 [INFO] BlockDiagram:2740 - set Specific Code input for plugin: TIM1_8F1
2025-12-06 11:09:29,307 [INFO] BlockDiagram:2740 - set Specific Code input for plugin: SYS
2025-12-06 11:09:29,307 [INFO] BlockDiagram:2740 - set Specific Code input for plugin: GPIO
2025-12-06 11:09:29,307 [INFO] BlockDiagram:2740 - set Specific Code input for plugin: RCC
2025-12-06 11:09:29,307 [INFO] BlockDiagram:2740 - set Specific Code input for plugin: I2C
2025-12-06 11:09:29,308 [INFO] CodeGenerator:663 - code generatio: config db path: D:\STM32CubeIDE_1.7.0\STM32CubeIDE\plugins\com.st.stm32cube.common.mx_6.3.0.202107141111\\db\
2025-12-06 11:09:29,311 [WARN] IP:2125 - I2C_Coeff_DF not found: check if there is a RefParameter without a condition.
2025-12-06 11:09:29,312 [WARN] IP:2125 - Analog_Filter not found: check if there is a RefParameter without a condition.
2025-12-06 11:09:29,806 [INFO] CodeEngine:239 - oldGeneratedFile, D:\MCU\MCU_ASSIGNMENT\MCU_ASSIGNMENT\MXTmpFiles\license.tmp_save
2025-12-06 11:09:29,878 [INFO] CodeEngine:257 - Generated code: D:\MCU\MCU_ASSIGNMENT\MCU_ASSIGNMENT\MXTmpFiles\license.tmp
2025-12-06 11:09:29,908 [INFO] CodeEngine:239 - oldGeneratedFile, D:\MCU\MCU_ASSIGNMENT\MCU_ASSIGNMENT\MXTmpFiles\gpio.tmp_save
2025-12-06 11:09:29,959 [INFO] CodeEngine:257 - Generated code: D:\MCU\MCU_ASSIGNMENT\MCU_ASSIGNMENT\MXTmpFiles\gpio.tmp
2025-12-06 11:09:29,966 [ERROR] IPConfigManager:1513 - ERROR: the RefConfig I2C_Analogue is not available in your config.xml file
2025-12-06 11:09:29,966 [ERROR] IPConfigManager:1513 - ERROR: the RefConfig I2C_DigitalFolter is not available in your config.xml file
2025-12-06 11:09:30,131 [INFO] CodeEngine:239 - oldGeneratedFile, D:\MCU\MCU_ASSIGNMENT\MCU_ASSIGNMENT\Core\Src\stm32f1xx_it.c_save
2025-12-06 11:09:30,187 [INFO] CodeEngine:257 - Generated code: D:\MCU\MCU_ASSIGNMENT\MCU_ASSIGNMENT\Core\Src\stm32f1xx_it.c
2025-12-06 11:09:30,190 [INFO] CodeEngine:239 - oldGeneratedFile, D:\MCU\MCU_ASSIGNMENT\MCU_ASSIGNMENT\Core\Inc\stm32f1xx_it.h_save
2025-12-06 11:09:30,226 [INFO] CodeEngine:257 - Generated code: D:\MCU\MCU_ASSIGNMENT\MCU_ASSIGNMENT\Core\Inc\stm32f1xx_it.h
2025-12-06 11:09:30,237 [INFO] CodeEngine:239 - oldGeneratedFile, D:\MCU\MCU_ASSIGNMENT\MCU_ASSIGNMENT\Core\Src\stm32f1xx_hal_msp.c_save
2025-12-06 11:09:30,305 [INFO] CodeEngine:257 - Generated code: D:\MCU\MCU_ASSIGNMENT\MCU_ASSIGNMENT\Core\Src\stm32f1xx_hal_msp.c
2025-12-06 11:09:30,307 [INFO] CodeEngine:239 - oldGeneratedFile, D:\MCU\MCU_ASSIGNMENT\MCU_ASSIGNMENT\MXTmpFiles\system.tmp_save
2025-12-06 11:09:30,345 [INFO] CodeEngine:257 - Generated code: D:\MCU\MCU_ASSIGNMENT\MCU_ASSIGNMENT\MXTmpFiles\system.tmp
2025-12-06 11:09:30,355 [INFO] CodeEngine:239 - oldGeneratedFile, D:\MCU\MCU_ASSIGNMENT\MCU_ASSIGNMENT\Core\Inc\stm32f1xx_hal_conf.h_save
2025-12-06 11:09:30,417 [INFO] CodeEngine:257 - Generated code: D:\MCU\MCU_ASSIGNMENT\MCU_ASSIGNMENT\Core\Inc\stm32f1xx_hal_conf.h
2025-12-06 11:09:30,437 [WARN] IPConfigManager:3148 - IP not found : TIM
2025-12-06 11:09:30,437 [WARN] CodeGenerator:3268 - IP not found : null
2025-12-06 11:09:30,448 [INFO] CodeEngine:239 - oldGeneratedFile, D:\MCU\MCU_ASSIGNMENT\MCU_ASSIGNMENT\Core\Inc\main.h_save
2025-12-06 11:09:30,505 [INFO] CodeEngine:257 - Generated code: D:\MCU\MCU_ASSIGNMENT\MCU_ASSIGNMENT\Core\Inc\main.h
2025-12-06 11:09:30,515 [INFO] CodeEngine:239 - oldGeneratedFile, D:\MCU\MCU_ASSIGNMENT\MCU_ASSIGNMENT\Core\Src\main.c_save
2025-12-06 11:09:30,658 [INFO] CodeEngine:257 - Generated code: D:\MCU\MCU_ASSIGNMENT\MCU_ASSIGNMENT\Core\Src\main.c
2025-12-06 11:09:31,396 [INFO] ProjectBuilder:2578 - Time for Copy HAL[1] : 70mS.
2025-12-06 11:09:31,398 [INFO] ProjectBuilder:3622 - Project Generator version: 3.14.1
2025-12-06 11:09:31,829 [INFO] ConfigFileManager:1271 - The Die is : DIE410
2025-12-06 11:09:33,302 [INFO] ProjectBuilder:3789 - Time for Generating toolchain IDE Files: 1904mS.
2025-12-06 11:09:33,303 [INFO] ProjectBuilder:2457 - Time for Copy CMSIS : 0mS.
2025-12-06 11:09:33,304 [INFO] ProjectBuilder:2457 - Time for Copy CMSIS : 0mS.
2025-12-06 11:20:58,835 [INFO] MainUpdater:2671 - connection check result : 10
2025-12-06 11:20:58,836 [INFO] MainUpdater:2671 - connection check result : 10
2025-12-06 11:20:58,946 [WARN] IP:2125 - I2C_Coeff_DF not found: check if there is a RefParameter without a condition.
2025-12-06 11:20:58,946 [WARN] IP:2125 - Analog_Filter not found: check if there is a RefParameter without a condition.
2025-12-06 11:20:58,947 [WARN] IP:2125 - I2C_Coeff_DF not found: check if there is a RefParameter without a condition.
2025-12-06 11:20:58,947 [WARN] IP:2125 - Analog_Filter not found: check if there is a RefParameter without a condition.
2025-12-06 11:20:59,002 [INFO] MicroXplorer:448 - Change Database Path : 
2025-12-06 11:20:59,003 [INFO] MicroXplorer:478 - Change Database Version : DB.6.0.30
2025-12-06 11:20:59,003 [WARN] ThirdParty:813 - waiting for thirdparty lock release [close project]
2025-12-06 11:20:59,003 [INFO] ThirdParty:815 - entering critical section [close project]
2025-12-06 11:20:59,003 [INFO] ThirdParty:825 - exiting critical section [close project]
2025-12-06 11:20:59,004 [INFO] PinOutPanel:1463 - setPackage(No Configuration,No Configuration)
2025-12-06 11:20:59,010 [INFO] UtilMem:74 - Begin LoadConfig() Used Memory: 1021996464 Bytes (1073741824)
2025-12-06 11:20:59,010 [INFO] MicroXplorer:448 - Change Database Path : 
2025-12-06 11:20:59,011 [INFO] MicroXplorer:478 - Change Database Version : DB.6.0.30
2025-12-06 11:20:59,011 [INFO] OpenFileManager:313 - Change cursor
2025-12-06 11:20:59,044 [INFO] RulesReader:57 - Compatibility file has been processed (242 Rules)
2025-12-06 11:20:59,775 [INFO] Context:592 - Trying to add GPIOservice into a context  which must be forbidden
2025-12-06 11:21:00,001 [WARN] ApiManager:304 - Cannot register API 'Board Extension:IKS02A1' from pack STMicroelectronics.X-CUBE-MEMS1.12.0.0: no header file found
2025-12-06 11:21:00,002 [WARN] ApiManager:304 - Cannot register API 'Board Extension:IKS4A1' from pack STMicroelectronics.X-CUBE-MEMS1.12.0.0: no header file found
2025-12-06 11:21:00,002 [WARN] ApiManager:304 - Cannot register API 'Board Extension:IKS5A1' from pack STMicroelectronics.X-CUBE-MEMS1.12.0.0: no header file found
2025-12-06 11:21:00,155 [WARN] ApiManager:304 - Cannot register API 'Board Extension:IKS01A3' from pack STMicroelectronics.X-CUBE-MEMS1.11.3.0: no header file found
2025-12-06 11:21:00,155 [WARN] ApiManager:304 - Cannot register API 'Board Extension:IKS02A1' from pack STMicroelectronics.X-CUBE-MEMS1.11.3.0: no header file found
2025-12-06 11:21:00,155 [WARN] ApiManager:304 - Cannot register API 'Board Extension:IKS4A1' from pack STMicroelectronics.X-CUBE-MEMS1.11.3.0: no header file found
2025-12-06 11:21:00,160 [INFO] RtosManager:484 - Registered RTOS mode: class=CMSIS, group=RTOS, mode=CMSIS_V1, owner=FREERTOS
2025-12-06 11:21:00,160 [INFO] RtosManager:484 - Registered RTOS mode: class=CMSIS, group=RTOS2, mode=CMSIS_V2, owner=FREERTOS
2025-12-06 11:21:00,160 [INFO] RtosManager:484 - Registered RTOS mode: class=RTOS, group=Core, mode=CMSIS_V1, owner=FREERTOS
2025-12-06 11:21:00,160 [INFO] RtosManager:484 - Registered RTOS mode: class=RTOS, group=Core, mode=CMSIS_V2, owner=FREERTOS
2025-12-06 11:21:00,160 [WARN] ModelIntegratedComponent:181 - Missing modes for component STMicroelectronics:FreeRTOS:0.0.1:STMicroelectronics:RTOS:FreeRTOS:Core:::10.2.0:
2025-12-06 11:21:00,163 [WARN] ModelIntegratedComponent:60 - No mode defined for component null
2025-12-06 11:21:00,163 [WARN] ModelIntegratedComponent:60 - No mode defined for component null
2025-12-06 11:21:00,163 [WARN] ModelIntegratedComponent:60 - No mode defined for component null
2025-12-06 11:21:00,163 [WARN] ModelIntegratedComponent:60 - No mode defined for component null
2025-12-06 11:21:00,163 [WARN] ModelIntegratedComponent:60 - No mode defined for component null
2025-12-06 11:21:00,163 [WARN] ModelIntegratedComponent:60 - No mode defined for component null
2025-12-06 11:21:00,163 [WARN] ModelIntegratedComponent:60 - No mode defined for component null
2025-12-06 11:21:00,163 [WARN] ModelIntegratedComponent:60 - No mode defined for component null
2025-12-06 11:21:00,163 [WARN] ModelIntegratedComponent:60 - No mode defined for component null
2025-12-06 11:21:00,163 [WARN] ModelIntegratedComponent:60 - No mode defined for component null
2025-12-06 11:21:00,163 [WARN] ModelIntegratedComponent:60 - No mode defined for component null
2025-12-06 11:21:00,164 [WARN] ModelIntegratedComponent:60 - No mode defined for component null
2025-12-06 11:21:00,164 [WARN] ModelIntegratedComponent:60 - No mode defined for component null
2025-12-06 11:21:00,164 [WARN] ModelIntegratedComponent:60 - No mode defined for component null
2025-12-06 11:21:00,164 [WARN] ModelIntegratedComponent:60 - No mode defined for component null
2025-12-06 11:21:00,164 [WARN] ModelIntegratedComponent:60 - No mode defined for component null
2025-12-06 11:21:00,164 [WARN] ModelIntegratedComponent:60 - No mode defined for component null
2025-12-06 11:21:00,164 [WARN] ModelIntegratedComponent:60 - No mode defined for component null
2025-12-06 11:21:00,164 [WARN] ModelIntegratedComponent:60 - No mode defined for component null
2025-12-06 11:21:00,164 [WARN] ModelIntegratedComponent:60 - No mode defined for component null
2025-12-06 11:21:00,164 [WARN] ModelIntegratedComponent:60 - No mode defined for component null
2025-12-06 11:21:00,164 [WARN] ModelIntegratedComponent:60 - No mode defined for component null
2025-12-06 11:21:00,164 [WARN] ModelIntegratedComponent:60 - No mode defined for component null
2025-12-06 11:21:00,164 [WARN] ModelIntegratedComponent:60 - No mode defined for component null
2025-12-06 11:21:00,164 [WARN] ModelIntegratedComponent:60 - No mode defined for component null
2025-12-06 11:21:00,164 [WARN] ModelIntegratedComponent:60 - No mode defined for component null
2025-12-06 11:21:00,164 [WARN] ModelIntegratedComponent:60 - No mode defined for component null
2025-12-06 11:21:00,164 [WARN] ModelIntegratedComponent:60 - No mode defined for component null
2025-12-06 11:21:00,164 [WARN] ModelIntegratedComponent:60 - No mode defined for component null
2025-12-06 11:21:00,164 [WARN] ModelIntegratedComponent:60 - No mode defined for component null
2025-12-06 11:21:00,164 [WARN] ModelIntegratedComponent:60 - No mode defined for component null
2025-12-06 11:21:00,165 [WARN] ApiManager:304 - Cannot register API 'Board Extension:GNSS1A1' from pack STMicroelectronics.X-CUBE-GNSS1.7.1.0: no header file found
2025-12-06 11:21:00,165 [WARN] ApiManager:304 - Cannot register API 'Board Support:Custom' from pack STMicroelectronics.X-CUBE-GNSS1.7.1.0: no header file found
2025-12-06 11:21:00,165 [WARN] ApiManager:304 - Cannot register API 'Data Exchange:lib_gnss' from pack STMicroelectronics.X-CUBE-GNSS1.7.1.0: no header file found
2025-12-06 11:21:00,175 [WARN] ApiManager:304 - Cannot register API 'Board Extension:GNSS1A1' from pack STMicroelectronics.X-CUBE-GNSS1.7.0.1: no header file found
2025-12-06 11:21:00,175 [WARN] ApiManager:304 - Cannot register API 'Board Support:Custom' from pack STMicroelectronics.X-CUBE-GNSS1.7.0.1: no header file found
2025-12-06 11:21:00,176 [WARN] ApiManager:304 - Cannot register API 'Data Exchange:lib_gnss' from pack STMicroelectronics.X-CUBE-GNSS1.7.0.1: no header file found
2025-12-06 11:21:00,591 [INFO] ImportTextPane:167 - (OptionalMessage_ERROR) IP (RCC) : Parameter (ADCFreqValue) has invalid value (32000000)
2025-12-06 11:21:00,591 [INFO] ImportTextPane:167 - (OptionalMessage_ERROR) IP (RCC) : Invalid parameter (FamilyName)
2025-12-06 11:21:00,592 [INFO] ImportTextPane:167 - (OptionalMessage_ERROR) IP (RCC) : Parameter (MCOFreq_Value) has invalid value (64000000)
2025-12-06 11:21:00,592 [INFO] ImportTextPane:167 - (OptionalMessage_ERROR) IP (RCC) : Parameter (USBFreq_Value) has invalid value (64000000)
2025-12-06 11:21:00,691 [INFO] UtilMem:74 - End LoadConfig() Used Memory: 1002595624 Bytes (1073741824)
2025-12-06 11:21:00,692 [WARN] ThirdParty:779 - waiting for thirdparty lock release [change project]
2025-12-06 11:21:00,692 [INFO] ThirdParty:781 - entering critical section [change project]
2025-12-06 11:21:00,692 [INFO] ThirdParty:967 - CMSIS Pack Vendor :STMicroelectronics X-CUBE-MEMS1 12.0.0
2025-12-06 11:21:00,692 [INFO] ThirdParty:967 - CMSIS Pack Vendor :STMicroelectronics USB_HOST 2.0.0
2025-12-06 11:21:00,692 [INFO] ThirdParty:967 - CMSIS Pack Vendor :STMicroelectronics X-CUBE-MEMS1 11.3.0
2025-12-06 11:21:00,692 [INFO] ThirdParty:967 - CMSIS Pack Vendor :STMicroelectronics FreeRTOS 0.0.1
2025-12-06 11:21:00,692 [INFO] ThirdParty:967 - CMSIS Pack Vendor :STMicroelectronics USB_DEVICE 1.0.0
2025-12-06 11:21:00,692 [INFO] ThirdParty:967 - CMSIS Pack Vendor :STMicroelectronics X-CUBE-AZRTOS-H7RS 1.2.0
2025-12-06 11:21:00,692 [INFO] ThirdParty:967 - CMSIS Pack Vendor :STMicroelectronics X-CUBE-AZRTOS-H7RS 1.1.0
2025-12-06 11:21:00,692 [INFO] ThirdParty:967 - CMSIS Pack Vendor :STMicroelectronics USB_DEVICE 3.0.0
2025-12-06 11:21:00,692 [INFO] ThirdParty:967 - CMSIS Pack Vendor :STMicroelectronics HAL Drivers 0.0.0
2025-12-06 11:21:00,692 [INFO] ThirdParty:967 - CMSIS Pack Vendor :STMicroelectronics MBEDTLS 2.16.2
2025-12-06 11:21:00,692 [INFO] ThirdParty:967 - CMSIS Pack Vendor :STMicroelectronics ThreadX 0.0.2
2025-12-06 11:21:00,692 [INFO] ThirdParty:967 - CMSIS Pack Vendor :STMicroelectronics lwIP 2.0.3
2025-12-06 11:21:00,693 [INFO] ThirdParty:967 - CMSIS Pack Vendor :STMicroelectronics lwIP 2.1.2
2025-12-06 11:21:00,693 [INFO] ThirdParty:967 - CMSIS Pack Vendor :STMicroelectronics MBEDTLS 2.14.1
2025-12-06 11:21:00,693 [INFO] ThirdParty:967 - CMSIS Pack Vendor :STMicroelectronics X-CUBE-GNSS1 7.1.0
2025-12-06 11:21:00,693 [INFO] ThirdParty:967 - CMSIS Pack Vendor :STMicroelectronics X-CUBE-GNSS1 7.0.1
2025-12-06 11:21:00,693 [INFO] ThirdParty:967 - CMSIS Pack Vendor :STMicroelectronics USB_HOST 1.0.0
2025-12-06 11:21:00,693 [INFO] ThirdParty:967 - CMSIS Pack Vendor :STMicroelectronics X-CUBE-TOUCHGFX 4.26.0
2025-12-06 11:21:00,693 [INFO] ThirdParty:967 - CMSIS Pack Vendor :STMicroelectronics X-CUBE-TOUCHGFX 4.25.0
2025-12-06 11:21:00,693 [INFO] ThirdParty:967 - CMSIS Pack Vendor :STMicroelectronics PDM2PCM 3.1.0
2025-12-06 11:21:00,693 [INFO] ThirdParty:967 - CMSIS Pack Vendor :STMicroelectronics PDM2PCM 3.2.0
2025-12-06 11:21:00,693 [INFO] ThirdParty:967 - CMSIS Pack Vendor :STMicroelectronics USB_DEVICE 2.0.0
2025-12-06 11:21:00,693 [INFO] ThirdParty:967 - CMSIS Pack Vendor :STMicroelectronics PDM2PCM 3.3.0
2025-12-06 11:21:00,693 [INFO] ThirdParty:787 - exiting critical section [change project]
2025-12-06 11:21:00,791 [INFO] PinOutPanel:1463 - setPackage(No Configuration,No Configuration)
2025-12-06 11:21:00,791 [INFO] PinOutPanel:1463 - setPackage(STM32F103RBTx,LQFP64)
2025-12-06 11:21:00,960 [INFO] UtilMem:74 - Before build in PCC Used Memory: 1005144488 Bytes (1073741824)
2025-12-06 11:21:01,176 [INFO] UtilMem:74 - After build in PCC Used Memory: 1029589544 Bytes (1073741824)
2025-12-06 11:21:01,194 [INFO] IPUIPlugin:74 - create IPUIPlugin
2025-12-06 11:21:01,194 [INFO] IPUIPlugin:74 - create IPUIPlugin
2025-12-06 11:21:01,194 [INFO] IPUIPlugin:74 - create IPUIPlugin
2025-12-06 11:21:01,194 [INFO] IPUIPlugin:74 - create IPUIPlugin
2025-12-06 11:21:01,195 [INFO] IPUIPlugin:74 - create IPUIPlugin
2025-12-06 11:21:01,195 [INFO] IPUIPlugin:74 - create IPUIPlugin
2025-12-06 11:21:01,195 [INFO] IPUIPlugin:74 - create IPUIPlugin
2025-12-06 11:21:01,195 [INFO] IPUIPlugin:74 - create IPUIPlugin
2025-12-06 11:21:01,195 [INFO] IPUIPlugin:74 - create IPUIPlugin
2025-12-06 11:21:01,195 [INFO] IPUIPlugin:74 - create IPUIPlugin
2025-12-06 11:21:01,195 [INFO] IPUIPlugin:74 - create IPUIPlugin
2025-12-06 11:21:01,195 [INFO] IPUIPlugin:74 - create IPUIPlugin
2025-12-06 11:21:01,195 [INFO] IPUIPlugin:74 - create IPUIPlugin
2025-12-06 11:21:01,195 [INFO] IPUIPlugin:74 - create IPUIPlugin
2025-12-06 11:21:01,195 [INFO] IPUIPlugin:74 - create IPUIPlugin
2025-12-06 11:21:01,196 [INFO] IPUIPlugin:74 - create IPUIPlugin
2025-12-06 11:21:01,196 [INFO] IPUIPlugin:74 - create IPUIPlugin
2025-12-06 11:21:01,196 [INFO] IPUIPlugin:74 - create IPUIPlugin
2025-12-06 11:21:01,196 [INFO] IPUIPlugin:74 - create IPUIPlugin
2025-12-06 11:21:01,196 [INFO] IPUIPlugin:74 - create IPUIPlugin
2025-12-06 11:21:01,196 [INFO] IPUIPlugin:74 - create IPUIPlugin
2025-12-06 11:21:01,196 [INFO] IPUIPlugin:74 - create IPUIPlugin
2025-12-06 11:21:01,197 [INFO] IPUIPlugin:74 - create IPUIPlugin
2025-12-06 11:21:01,197 [INFO] IPUIPlugin:74 - create IPUIPlugin
2025-12-06 11:21:01,197 [INFO] IPUIPlugin:74 - create IPUIPlugin
2025-12-06 11:21:01,198 [INFO] IPUIPlugin:74 - create IPUIPlugin
2025-12-06 11:21:01,198 [INFO] IPUIPlugin:74 - create IPUIPlugin
2025-12-06 11:21:01,200 [WARN] IP:2125 - I2C_Coeff_DF not found: check if there is a RefParameter without a condition.
2025-12-06 11:21:01,200 [WARN] IP:2125 - Analog_Filter not found: check if there is a RefParameter without a condition.
2025-12-06 11:21:01,214 [INFO] OpenFileManager:333 - Restore cursor
2025-12-06 11:21:01,235 [WARN] IP:2125 - I2C_Coeff_DF not found: check if there is a RefParameter without a condition.
2025-12-06 11:21:01,235 [WARN] IP:2125 - Analog_Filter not found: check if there is a RefParameter without a condition.
2025-12-06 11:21:01,236 [WARN] IP:2125 - I2C_Coeff_DF not found: check if there is a RefParameter without a condition.
2025-12-06 11:21:01,236 [WARN] IP:2125 - Analog_Filter not found: check if there is a RefParameter without a condition.
2025-12-06 12:44:29,190 [INFO] UtilMem:74 - End SaveConfig() Used Memory: 975970904 Bytes (1073741824)
2025-12-06 12:44:30,442 [INFO] UtilMem:74 - End SaveConfig() Used Memory: 1006351096 Bytes (1073741824)
2025-12-06 12:44:31,745 [INFO] UtilMem:74 - End SaveConfig() Used Memory: 1010695864 Bytes (1073741824)
2025-12-06 12:44:31,961 [INFO] BlockDiagram:2740 - set Specific Code input for plugin: NVIC
2025-12-06 12:44:31,961 [INFO] BlockDiagram:2740 - set Specific Code input for plugin: USART
2025-12-06 12:44:31,961 [INFO] BlockDiagram:2740 - set Specific Code input for plugin: TIM1_8F1
2025-12-06 12:44:31,961 [INFO] BlockDiagram:2740 - set Specific Code input for plugin: SYS
2025-12-06 12:44:31,962 [INFO] BlockDiagram:2740 - set Specific Code input for plugin: GPIO
2025-12-06 12:44:31,962 [INFO] BlockDiagram:2740 - set Specific Code input for plugin: RCC
2025-12-06 12:44:31,962 [INFO] BlockDiagram:2740 - set Specific Code input for plugin: I2C
2025-12-06 12:44:31,963 [INFO] CodeGenerator:663 - code generatio: config db path: D:\STM32CubeIDE_1.7.0\STM32CubeIDE\plugins\com.st.stm32cube.common.mx_6.3.0.202107141111\\db\
2025-12-06 12:44:31,965 [WARN] IP:2125 - I2C_Coeff_DF not found: check if there is a RefParameter without a condition.
2025-12-06 12:44:31,965 [WARN] IP:2125 - Analog_Filter not found: check if there is a RefParameter without a condition.
2025-12-06 12:44:32,436 [INFO] CodeEngine:239 - oldGeneratedFile, D:\MCU\MCU_ASSIGNMENT\MCU_ASSIGNMENT\MXTmpFiles\license.tmp_save
2025-12-06 12:44:32,486 [INFO] CodeEngine:257 - Generated code: D:\MCU\MCU_ASSIGNMENT\MCU_ASSIGNMENT\MXTmpFiles\license.tmp
2025-12-06 12:44:32,575 [INFO] CodeEngine:239 - oldGeneratedFile, D:\MCU\MCU_ASSIGNMENT\MCU_ASSIGNMENT\MXTmpFiles\gpio.tmp_save
2025-12-06 12:44:32,636 [INFO] CodeEngine:257 - Generated code: D:\MCU\MCU_ASSIGNMENT\MCU_ASSIGNMENT\MXTmpFiles\gpio.tmp
2025-12-06 12:44:32,651 [ERROR] IPConfigManager:1513 - ERROR: the RefConfig I2C_Analogue is not available in your config.xml file
2025-12-06 12:44:32,651 [ERROR] IPConfigManager:1513 - ERROR: the RefConfig I2C_DigitalFolter is not available in your config.xml file
2025-12-06 12:44:32,848 [INFO] CodeEngine:239 - oldGeneratedFile, D:\MCU\MCU_ASSIGNMENT\MCU_ASSIGNMENT\Core\Src\stm32f1xx_it.c_save
2025-12-06 12:44:32,916 [INFO] CodeEngine:257 - Generated code: D:\MCU\MCU_ASSIGNMENT\MCU_ASSIGNMENT\Core\Src\stm32f1xx_it.c
2025-12-06 12:44:32,932 [INFO] CodeEngine:239 - oldGeneratedFile, D:\MCU\MCU_ASSIGNMENT\MCU_ASSIGNMENT\Core\Inc\stm32f1xx_it.h_save
2025-12-06 12:44:32,988 [INFO] CodeEngine:257 - Generated code: D:\MCU\MCU_ASSIGNMENT\MCU_ASSIGNMENT\Core\Inc\stm32f1xx_it.h
2025-12-06 12:44:33,008 [INFO] CodeEngine:239 - oldGeneratedFile, D:\MCU\MCU_ASSIGNMENT\MCU_ASSIGNMENT\Core\Src\stm32f1xx_hal_msp.c_save
2025-12-06 12:44:33,080 [INFO] CodeEngine:257 - Generated code: D:\MCU\MCU_ASSIGNMENT\MCU_ASSIGNMENT\Core\Src\stm32f1xx_hal_msp.c
2025-12-06 12:44:33,088 [INFO] CodeEngine:239 - oldGeneratedFile, D:\MCU\MCU_ASSIGNMENT\MCU_ASSIGNMENT\MXTmpFiles\system.tmp_save
2025-12-06 12:44:33,128 [INFO] CodeEngine:257 - Generated code: D:\MCU\MCU_ASSIGNMENT\MCU_ASSIGNMENT\MXTmpFiles\system.tmp
2025-12-06 12:44:33,146 [INFO] CodeEngine:239 - oldGeneratedFile, D:\MCU\MCU_ASSIGNMENT\MCU_ASSIGNMENT\Core\Inc\stm32f1xx_hal_conf.h_save
2025-12-06 12:44:33,225 [INFO] CodeEngine:257 - Generated code: D:\MCU\MCU_ASSIGNMENT\MCU_ASSIGNMENT\Core\Inc\stm32f1xx_hal_conf.h
2025-12-06 12:44:33,250 [WARN] IPConfigManager:3148 - IP not found : TIM
2025-12-06 12:44:33,250 [WARN] CodeGenerator:3268 - IP not found : null
2025-12-06 12:44:33,272 [INFO] CodeEngine:239 - oldGeneratedFile, D:\MCU\MCU_ASSIGNMENT\MCU_ASSIGNMENT\Core\Inc\main.h_save
2025-12-06 12:44:33,338 [INFO] CodeEngine:257 - Generated code: D:\MCU\MCU_ASSIGNMENT\MCU_ASSIGNMENT\Core\Inc\main.h
2025-12-06 12:44:33,359 [INFO] CodeEngine:239 - oldGeneratedFile, D:\MCU\MCU_ASSIGNMENT\MCU_ASSIGNMENT\Core\Src\main.c_save
2025-12-06 12:44:33,474 [INFO] CodeEngine:257 - Generated code: D:\MCU\MCU_ASSIGNMENT\MCU_ASSIGNMENT\Core\Src\main.c
2025-12-06 12:44:34,102 [INFO] ProjectBuilder:2578 - Time for Copy HAL[1] : 62mS.
2025-12-06 12:44:34,104 [INFO] ProjectBuilder:3622 - Project Generator version: 3.14.1
2025-12-06 12:44:34,540 [INFO] ConfigFileManager:1271 - The Die is : DIE410
2025-12-06 12:44:34,556 [INFO] ApiDbMcu:468 - Load IP Config File for FATFS
2025-12-06 12:44:34,581 [INFO] ApiDbMcu:468 - Load IP Config File for FREERTOS
2025-12-06 12:44:34,603 [INFO] ApiDbMcu:468 - Load IP Config File for USB_DEVICE
2025-12-06 12:44:36,119 [INFO] ProjectBuilder:3789 - Time for Generating toolchain IDE Files: 2015mS.
2025-12-06 12:44:36,120 [INFO] ProjectBuilder:2457 - Time for Copy CMSIS : 0mS.
2025-12-06 12:44:36,122 [INFO] ProjectBuilder:2457 - Time for Copy CMSIS : 0mS.
2025-12-06 14:54:29,919 [WARN] IP:2125 - I2C_Coeff_DF not found: check if there is a RefParameter without a condition.
2025-12-06 14:54:29,920 [WARN] IP:2125 - Analog_Filter not found: check if there is a RefParameter without a condition.
2025-12-06 14:54:29,920 [WARN] IP:2125 - I2C_Coeff_DF not found: check if there is a RefParameter without a condition.
2025-12-06 14:54:29,920 [WARN] IP:2125 - Analog_Filter not found: check if there is a RefParameter without a condition.
2025-12-06 14:54:29,940 [WARN] IP:2125 - I2C_Coeff_DF not found: check if there is a RefParameter without a condition.
2025-12-06 14:54:29,940 [WARN] IP:2125 - Analog_Filter not found: check if there is a RefParameter without a condition.
2025-12-06 14:54:29,956 [WARN] IP:2125 - I2C_Coeff_DF not found: check if there is a RefParameter without a condition.
2025-12-06 14:54:29,956 [WARN] IP:2125 - Analog_Filter not found: check if there is a RefParameter without a condition.
2025-12-06 14:54:33,972 [WARN] IP:2125 - I2C_Coeff_DF not found: check if there is a RefParameter without a condition.
2025-12-06 14:54:33,972 [WARN] IP:2125 - Analog_Filter not found: check if there is a RefParameter without a condition.
2025-12-06 14:54:33,973 [WARN] IP:2125 - I2C_Coeff_DF not found: check if there is a RefParameter without a condition.
2025-12-06 14:54:33,973 [WARN] IP:2125 - Analog_Filter not found: check if there is a RefParameter without a condition.
2025-12-06 14:54:33,989 [WARN] IP:2125 - I2C_Coeff_DF not found: check if there is a RefParameter without a condition.
2025-12-06 14:54:33,989 [WARN] IP:2125 - Analog_Filter not found: check if there is a RefParameter without a condition.
2025-12-06 14:54:34,007 [WARN] IP:2125 - I2C_Coeff_DF not found: check if there is a RefParameter without a condition.
2025-12-06 14:54:34,007 [WARN] IP:2125 - Analog_Filter not found: check if there is a RefParameter without a condition.
2025-12-06 14:54:45,937 [WARN] IP:2125 - I2C_Coeff_DF not found: check if there is a RefParameter without a condition.
2025-12-06 14:54:45,938 [WARN] IP:2125 - Analog_Filter not found: check if there is a RefParameter without a condition.
2025-12-06 14:54:45,938 [WARN] IP:2125 - I2C_Coeff_DF not found: check if there is a RefParameter without a condition.
2025-12-06 14:54:45,938 [WARN] IP:2125 - Analog_Filter not found: check if there is a RefParameter without a condition.
2025-12-06 14:54:45,955 [WARN] IP:2125 - I2C_Coeff_DF not found: check if there is a RefParameter without a condition.
2025-12-06 14:54:45,956 [WARN] IP:2125 - Analog_Filter not found: check if there is a RefParameter without a condition.
2025-12-06 14:54:45,974 [WARN] IP:2125 - I2C_Coeff_DF not found: check if there is a RefParameter without a condition.
2025-12-06 14:54:45,975 [WARN] IP:2125 - Analog_Filter not found: check if there is a RefParameter without a condition.
2025-12-06 14:54:58,701 [WARN] IP:2125 - I2C_Coeff_DF not found: check if there is a RefParameter without a condition.
2025-12-06 14:54:58,702 [WARN] IP:2125 - Analog_Filter not found: check if there is a RefParameter without a condition.
2025-12-06 14:54:58,702 [WARN] IP:2125 - I2C_Coeff_DF not found: check if there is a RefParameter without a condition.
2025-12-06 14:54:58,702 [WARN] IP:2125 - Analog_Filter not found: check if there is a RefParameter without a condition.
2025-12-06 14:54:58,718 [WARN] IP:2125 - I2C_Coeff_DF not found: check if there is a RefParameter without a condition.
2025-12-06 14:54:58,718 [WARN] IP:2125 - Analog_Filter not found: check if there is a RefParameter without a condition.
2025-12-06 14:54:58,738 [WARN] IP:2125 - I2C_Coeff_DF not found: check if there is a RefParameter without a condition.
2025-12-06 14:54:58,738 [WARN] IP:2125 - Analog_Filter not found: check if there is a RefParameter without a condition.
2025-12-06 14:55:03,902 [INFO] UtilMem:74 - End SaveConfig() Used Memory: 1006971264 Bytes (1073741824)
2025-12-06 14:55:06,387 [INFO] UtilMem:74 - End SaveConfig() Used Memory: 992572152 Bytes (1073741824)
2025-12-06 14:55:07,850 [INFO] UtilMem:74 - End SaveConfig() Used Memory: 991662368 Bytes (1073741824)
2025-12-06 14:55:08,046 [INFO] BlockDiagram:2740 - set Specific Code input for plugin: NVIC
2025-12-06 14:55:08,046 [INFO] BlockDiagram:2740 - set Specific Code input for plugin: USART
2025-12-06 14:55:08,046 [INFO] BlockDiagram:2740 - set Specific Code input for plugin: TIM1_8F1
2025-12-06 14:55:08,046 [INFO] BlockDiagram:2740 - set Specific Code input for plugin: SYS
2025-12-06 14:55:08,046 [INFO] BlockDiagram:2740 - set Specific Code input for plugin: GPIO
2025-12-06 14:55:08,046 [INFO] BlockDiagram:2740 - set Specific Code input for plugin: RCC
2025-12-06 14:55:08,047 [INFO] BlockDiagram:2740 - set Specific Code input for plugin: I2C
2025-12-06 14:55:08,048 [INFO] CodeGenerator:663 - code generatio: config db path: D:\STM32CubeIDE_1.7.0\STM32CubeIDE\plugins\com.st.stm32cube.common.mx_6.3.0.202107141111\\db\
2025-12-06 14:55:08,050 [WARN] IP:2125 - I2C_Coeff_DF not found: check if there is a RefParameter without a condition.
2025-12-06 14:55:08,050 [WARN] IP:2125 - Analog_Filter not found: check if there is a RefParameter without a condition.
2025-12-06 14:55:08,493 [INFO] CodeEngine:239 - oldGeneratedFile, D:\MCU\MCU_ASSIGNMENT\MCU_ASSIGNMENT\MXTmpFiles\license.tmp_save
2025-12-06 14:55:08,548 [INFO] CodeEngine:257 - Generated code: D:\MCU\MCU_ASSIGNMENT\MCU_ASSIGNMENT\MXTmpFiles\license.tmp
2025-12-06 14:55:08,570 [INFO] CodeEngine:239 - oldGeneratedFile, D:\MCU\MCU_ASSIGNMENT\MCU_ASSIGNMENT\MXTmpFiles\gpio.tmp_save
2025-12-06 14:55:08,639 [INFO] CodeEngine:257 - Generated code: D:\MCU\MCU_ASSIGNMENT\MCU_ASSIGNMENT\MXTmpFiles\gpio.tmp
2025-12-06 14:55:08,652 [ERROR] IPConfigManager:1513 - ERROR: the RefConfig I2C_Analogue is not available in your config.xml file
2025-12-06 14:55:08,652 [ERROR] IPConfigManager:1513 - ERROR: the RefConfig I2C_DigitalFolter is not available in your config.xml file
2025-12-06 14:55:08,802 [INFO] CodeEngine:239 - oldGeneratedFile, D:\MCU\MCU_ASSIGNMENT\MCU_ASSIGNMENT\Core\Src\stm32f1xx_it.c_save
2025-12-06 14:55:08,858 [INFO] CodeEngine:257 - Generated code: D:\MCU\MCU_ASSIGNMENT\MCU_ASSIGNMENT\Core\Src\stm32f1xx_it.c
2025-12-06 14:55:08,861 [INFO] CodeEngine:239 - oldGeneratedFile, D:\MCU\MCU_ASSIGNMENT\MCU_ASSIGNMENT\Core\Inc\stm32f1xx_it.h_save
2025-12-06 14:55:08,899 [INFO] CodeEngine:257 - Generated code: D:\MCU\MCU_ASSIGNMENT\MCU_ASSIGNMENT\Core\Inc\stm32f1xx_it.h
2025-12-06 14:55:08,915 [INFO] CodeEngine:239 - oldGeneratedFile, D:\MCU\MCU_ASSIGNMENT\MCU_ASSIGNMENT\Core\Src\stm32f1xx_hal_msp.c_save
2025-12-06 14:55:08,985 [INFO] CodeEngine:257 - Generated code: D:\MCU\MCU_ASSIGNMENT\MCU_ASSIGNMENT\Core\Src\stm32f1xx_hal_msp.c
2025-12-06 14:55:08,987 [INFO] CodeEngine:239 - oldGeneratedFile, D:\MCU\MCU_ASSIGNMENT\MCU_ASSIGNMENT\MXTmpFiles\system.tmp_save
2025-12-06 14:55:09,032 [INFO] CodeEngine:257 - Generated code: D:\MCU\MCU_ASSIGNMENT\MCU_ASSIGNMENT\MXTmpFiles\system.tmp
2025-12-06 14:55:09,051 [INFO] CodeEngine:239 - oldGeneratedFile, D:\MCU\MCU_ASSIGNMENT\MCU_ASSIGNMENT\Core\Inc\stm32f1xx_hal_conf.h_save
2025-12-06 14:55:09,151 [INFO] CodeEngine:257 - Generated code: D:\MCU\MCU_ASSIGNMENT\MCU_ASSIGNMENT\Core\Inc\stm32f1xx_hal_conf.h
2025-12-06 14:55:09,184 [WARN] IPConfigManager:3148 - IP not found : TIM
2025-12-06 14:55:09,185 [WARN] CodeGenerator:3268 - IP not found : null
2025-12-06 14:55:09,206 [INFO] CodeEngine:239 - oldGeneratedFile, D:\MCU\MCU_ASSIGNMENT\MCU_ASSIGNMENT\Core\Inc\main.h_save
2025-12-06 14:55:09,305 [INFO] CodeEngine:257 - Generated code: D:\MCU\MCU_ASSIGNMENT\MCU_ASSIGNMENT\Core\Inc\main.h
2025-12-06 14:55:09,323 [INFO] CodeEngine:239 - oldGeneratedFile, D:\MCU\MCU_ASSIGNMENT\MCU_ASSIGNMENT\Core\Src\main.c_save
2025-12-06 14:55:09,478 [INFO] CodeEngine:257 - Generated code: D:\MCU\MCU_ASSIGNMENT\MCU_ASSIGNMENT\Core\Src\main.c
2025-12-06 14:55:10,449 [INFO] ProjectBuilder:2578 - Time for Copy HAL[1] : 115mS.
2025-12-06 14:55:10,454 [INFO] ProjectBuilder:3622 - Project Generator version: 3.14.1
2025-12-06 14:55:11,002 [INFO] ConfigFileManager:1271 - The Die is : DIE410
2025-12-06 14:55:12,401 [INFO] ProjectBuilder:3789 - Time for Generating toolchain IDE Files: 1947mS.
2025-12-06 14:55:12,401 [INFO] ProjectBuilder:2457 - Time for Copy CMSIS : 0mS.
2025-12-06 14:55:12,402 [INFO] ProjectBuilder:2457 - Time for Copy CMSIS : 0mS.
2025-12-06 16:00:09,440 [INFO] UtilMem:74 - End SaveConfig() Used Memory: 1028685272 Bytes (1073741824)
2025-12-06 16:00:20,450 [INFO] NvicIntPanel:96 - NVIC parent = com.st.microxplorer.plugins.ip.nvic.MultiNvicIntPanel[,0,0,482x246,layout=javax.swing.BoxLayout,alignmentX=0.0,alignmentY=0.0,border=,flags=9,maximumSize=,minimumSize=,preferredSize=]
2025-12-06 16:00:23,760 [INFO] UtilMem:74 - End SaveConfig() Used Memory: 993834952 Bytes (1073741824)
2025-12-06 16:00:25,495 [INFO] UtilMem:74 - End SaveConfig() Used Memory: 1017952200 Bytes (1073741824)
2025-12-06 16:00:28,711 [INFO] UtilMem:74 - End SaveConfig() Used Memory: 1023806840 Bytes (1073741824)
2025-12-06 16:00:28,892 [INFO] BlockDiagram:2740 - set Specific Code input for plugin: NVIC
2025-12-06 16:00:28,892 [INFO] BlockDiagram:2740 - set Specific Code input for plugin: USART
2025-12-06 16:00:28,892 [INFO] BlockDiagram:2740 - set Specific Code input for plugin: TIM1_8F1
2025-12-06 16:00:28,892 [INFO] BlockDiagram:2740 - set Specific Code input for plugin: SYS
2025-12-06 16:00:28,893 [INFO] BlockDiagram:2740 - set Specific Code input for plugin: GPIO
2025-12-06 16:00:28,893 [INFO] BlockDiagram:2740 - set Specific Code input for plugin: RCC
2025-12-06 16:00:28,893 [INFO] BlockDiagram:2740 - set Specific Code input for plugin: I2C
2025-12-06 16:00:28,893 [INFO] CodeGenerator:663 - code generatio: config db path: D:\STM32CubeIDE_1.7.0\STM32CubeIDE\plugins\com.st.stm32cube.common.mx_6.3.0.202107141111\\db\
2025-12-06 16:00:28,895 [WARN] IP:2125 - I2C_Coeff_DF not found: check if there is a RefParameter without a condition.
2025-12-06 16:00:28,895 [WARN] IP:2125 - Analog_Filter not found: check if there is a RefParameter without a condition.
2025-12-06 16:00:29,291 [INFO] CodeEngine:239 - oldGeneratedFile, D:\MCU\MCU_ASSIGNMENT\MCU_ASSIGNMENT\MXTmpFiles\license.tmp_save
2025-12-06 16:00:29,341 [INFO] CodeEngine:257 - Generated code: D:\MCU\MCU_ASSIGNMENT\MCU_ASSIGNMENT\MXTmpFiles\license.tmp
2025-12-06 16:00:29,363 [INFO] CodeEngine:239 - oldGeneratedFile, D:\MCU\MCU_ASSIGNMENT\MCU_ASSIGNMENT\MXTmpFiles\gpio.tmp_save
2025-12-06 16:00:29,418 [INFO] CodeEngine:257 - Generated code: D:\MCU\MCU_ASSIGNMENT\MCU_ASSIGNMENT\MXTmpFiles\gpio.tmp
2025-12-06 16:00:29,423 [ERROR] IPConfigManager:1513 - ERROR: the RefConfig I2C_Analogue is not available in your config.xml file
2025-12-06 16:00:29,424 [ERROR] IPConfigManager:1513 - ERROR: the RefConfig I2C_DigitalFolter is not available in your config.xml file
2025-12-06 16:00:29,584 [INFO] CodeEngine:239 - oldGeneratedFile, D:\MCU\MCU_ASSIGNMENT\MCU_ASSIGNMENT\Core\Src\stm32f1xx_it.c_save
2025-12-06 16:00:29,671 [INFO] CodeEngine:257 - Generated code: D:\MCU\MCU_ASSIGNMENT\MCU_ASSIGNMENT\Core\Src\stm32f1xx_it.c
2025-12-06 16:00:29,674 [INFO] CodeEngine:239 - oldGeneratedFile, D:\MCU\MCU_ASSIGNMENT\MCU_ASSIGNMENT\Core\Inc\stm32f1xx_it.h_save
2025-12-06 16:00:29,735 [INFO] CodeEngine:257 - Generated code: D:\MCU\MCU_ASSIGNMENT\MCU_ASSIGNMENT\Core\Inc\stm32f1xx_it.h
2025-12-06 16:00:29,749 [INFO] CodeEngine:239 - oldGeneratedFile, D:\MCU\MCU_ASSIGNMENT\MCU_ASSIGNMENT\Core\Src\stm32f1xx_hal_msp.c_save
2025-12-06 16:00:29,837 [INFO] CodeEngine:257 - Generated code: D:\MCU\MCU_ASSIGNMENT\MCU_ASSIGNMENT\Core\Src\stm32f1xx_hal_msp.c
2025-12-06 16:00:29,839 [INFO] CodeEngine:239 - oldGeneratedFile, D:\MCU\MCU_ASSIGNMENT\MCU_ASSIGNMENT\MXTmpFiles\system.tmp_save
2025-12-06 16:00:29,869 [INFO] CodeEngine:257 - Generated code: D:\MCU\MCU_ASSIGNMENT\MCU_ASSIGNMENT\MXTmpFiles\system.tmp
2025-12-06 16:00:29,879 [INFO] CodeEngine:239 - oldGeneratedFile, D:\MCU\MCU_ASSIGNMENT\MCU_ASSIGNMENT\Core\Inc\stm32f1xx_hal_conf.h_save
2025-12-06 16:00:29,949 [INFO] CodeEngine:257 - Generated code: D:\MCU\MCU_ASSIGNMENT\MCU_ASSIGNMENT\Core\Inc\stm32f1xx_hal_conf.h
2025-12-06 16:00:29,973 [WARN] IPConfigManager:3148 - IP not found : TIM
2025-12-06 16:00:29,973 [WARN] CodeGenerator:3268 - IP not found : null
2025-12-06 16:00:29,989 [INFO] CodeEngine:239 - oldGeneratedFile, D:\MCU\MCU_ASSIGNMENT\MCU_ASSIGNMENT\Core\Inc\main.h_save
2025-12-06 16:00:30,044 [INFO] CodeEngine:257 - Generated code: D:\MCU\MCU_ASSIGNMENT\MCU_ASSIGNMENT\Core\Inc\main.h
2025-12-06 16:00:30,056 [INFO] CodeEngine:239 - oldGeneratedFile, D:\MCU\MCU_ASSIGNMENT\MCU_ASSIGNMENT\Core\Src\main.c_save
2025-12-06 16:00:30,162 [INFO] CodeEngine:257 - Generated code: D:\MCU\MCU_ASSIGNMENT\MCU_ASSIGNMENT\Core\Src\main.c
2025-12-06 16:00:30,797 [INFO] ProjectBuilder:2578 - Time for Copy HAL[1] : 62mS.
2025-12-06 16:00:30,800 [INFO] ProjectBuilder:3622 - Project Generator version: 3.14.1
2025-12-06 16:00:31,209 [INFO] ConfigFileManager:1271 - The Die is : DIE410
2025-12-06 16:00:32,556 [INFO] ProjectBuilder:3789 - Time for Generating toolchain IDE Files: 1756mS.
2025-12-06 16:00:32,556 [INFO] ProjectBuilder:2457 - Time for Copy CMSIS : 0mS.
2025-12-06 16:00:32,557 [INFO] ProjectBuilder:2457 - Time for Copy CMSIS : 0mS.
2025-12-06 17:06:03,499 [WARN] IP:2125 - I2C_Coeff_DF not found: check if there is a RefParameter without a condition.
2025-12-06 17:06:03,500 [WARN] IP:2125 - Analog_Filter not found: check if there is a RefParameter without a condition.
2025-12-06 17:06:03,500 [WARN] IP:2125 - I2C_Coeff_DF not found: check if there is a RefParameter without a condition.
2025-12-06 17:06:03,500 [WARN] IP:2125 - Analog_Filter not found: check if there is a RefParameter without a condition.
2025-12-06 17:06:03,516 [WARN] IP:2125 - I2C_Coeff_DF not found: check if there is a RefParameter without a condition.
2025-12-06 17:06:03,516 [WARN] IP:2125 - Analog_Filter not found: check if there is a RefParameter without a condition.
2025-12-06 17:06:03,532 [WARN] IP:2125 - I2C_Coeff_DF not found: check if there is a RefParameter without a condition.
2025-12-06 17:06:03,532 [WARN] IP:2125 - Analog_Filter not found: check if there is a RefParameter without a condition.
2025-12-06 17:06:22,216 [INFO] UtilMem:74 - End SaveConfig() Used Memory: 1007675120 Bytes (1073741824)
2025-12-06 17:06:49,743 [WARN] IP:2125 - I2C_Coeff_DF not found: check if there is a RefParameter without a condition.
2025-12-06 17:06:49,743 [WARN] IP:2125 - Analog_Filter not found: check if there is a RefParameter without a condition.
2025-12-06 17:06:49,743 [WARN] IP:2125 - I2C_Coeff_DF not found: check if there is a RefParameter without a condition.
2025-12-06 17:06:49,744 [WARN] IP:2125 - Analog_Filter not found: check if there is a RefParameter without a condition.
2025-12-06 17:06:49,764 [WARN] IP:2125 - I2C_Coeff_DF not found: check if there is a RefParameter without a condition.
2025-12-06 17:06:49,764 [WARN] IP:2125 - Analog_Filter not found: check if there is a RefParameter without a condition.
2025-12-06 17:06:49,779 [WARN] IP:2125 - I2C_Coeff_DF not found: check if there is a RefParameter without a condition.
2025-12-06 17:06:49,780 [WARN] IP:2125 - Analog_Filter not found: check if there is a RefParameter without a condition.
2025-12-06 17:07:03,868 [INFO] UtilMem:74 - End SaveConfig() Used Memory: 1013210280 Bytes (1073741824)
2025-12-06 17:07:05,698 [INFO] UtilMem:74 - End SaveConfig() Used Memory: 999765944 Bytes (1073741824)
2025-12-06 17:07:07,636 [INFO] UtilMem:74 - End SaveConfig() Used Memory: 989556760 Bytes (1073741824)
2025-12-06 17:07:07,845 [INFO] BlockDiagram:2740 - set Specific Code input for plugin: NVIC
2025-12-06 17:07:07,845 [INFO] BlockDiagram:2740 - set Specific Code input for plugin: USART
2025-12-06 17:07:07,845 [INFO] BlockDiagram:2740 - set Specific Code input for plugin: TIM1_8F1
2025-12-06 17:07:07,845 [INFO] BlockDiagram:2740 - set Specific Code input for plugin: SYS
2025-12-06 17:07:07,845 [INFO] BlockDiagram:2740 - set Specific Code input for plugin: GPIO
2025-12-06 17:07:07,845 [INFO] BlockDiagram:2740 - set Specific Code input for plugin: RCC
2025-12-06 17:07:07,845 [INFO] BlockDiagram:2740 - set Specific Code input for plugin: I2C
2025-12-06 17:07:07,846 [INFO] CodeGenerator:663 - code generatio: config db path: D:\STM32CubeIDE_1.7.0\STM32CubeIDE\plugins\com.st.stm32cube.common.mx_6.3.0.202107141111\\db\
2025-12-06 17:07:07,848 [WARN] IP:2125 - I2C_Coeff_DF not found: check if there is a RefParameter without a condition.
2025-12-06 17:07:07,848 [WARN] IP:2125 - Analog_Filter not found: check if there is a RefParameter without a condition.
2025-12-06 17:07:08,254 [INFO] CodeEngine:239 - oldGeneratedFile, D:\MCU\MCU_ASSIGNMENT\MCU_ASSIGNMENT\MXTmpFiles\license.tmp_save
2025-12-06 17:07:08,321 [INFO] CodeEngine:257 - Generated code: D:\MCU\MCU_ASSIGNMENT\MCU_ASSIGNMENT\MXTmpFiles\license.tmp
2025-12-06 17:07:08,346 [INFO] CodeEngine:239 - oldGeneratedFile, D:\MCU\MCU_ASSIGNMENT\MCU_ASSIGNMENT\MXTmpFiles\gpio.tmp_save
2025-12-06 17:07:08,403 [INFO] CodeEngine:257 - Generated code: D:\MCU\MCU_ASSIGNMENT\MCU_ASSIGNMENT\MXTmpFiles\gpio.tmp
2025-12-06 17:07:08,418 [ERROR] IPConfigManager:1513 - ERROR: the RefConfig I2C_Analogue is not available in your config.xml file
2025-12-06 17:07:08,418 [ERROR] IPConfigManager:1513 - ERROR: the RefConfig I2C_DigitalFolter is not available in your config.xml file
2025-12-06 17:07:08,571 [INFO] CodeEngine:239 - oldGeneratedFile, D:\MCU\MCU_ASSIGNMENT\MCU_ASSIGNMENT\Core\Src\stm32f1xx_it.c_save
2025-12-06 17:07:08,632 [INFO] CodeEngine:257 - Generated code: D:\MCU\MCU_ASSIGNMENT\MCU_ASSIGNMENT\Core\Src\stm32f1xx_it.c
2025-12-06 17:07:08,636 [INFO] CodeEngine:239 - oldGeneratedFile, D:\MCU\MCU_ASSIGNMENT\MCU_ASSIGNMENT\Core\Inc\stm32f1xx_it.h_save
2025-12-06 17:07:08,688 [INFO] CodeEngine:257 - Generated code: D:\MCU\MCU_ASSIGNMENT\MCU_ASSIGNMENT\Core\Inc\stm32f1xx_it.h
2025-12-06 17:07:08,700 [INFO] CodeEngine:239 - oldGeneratedFile, D:\MCU\MCU_ASSIGNMENT\MCU_ASSIGNMENT\Core\Src\stm32f1xx_hal_msp.c_save
2025-12-06 17:07:08,774 [INFO] CodeEngine:257 - Generated code: D:\MCU\MCU_ASSIGNMENT\MCU_ASSIGNMENT\Core\Src\stm32f1xx_hal_msp.c
2025-12-06 17:07:08,777 [INFO] CodeEngine:239 - oldGeneratedFile, D:\MCU\MCU_ASSIGNMENT\MCU_ASSIGNMENT\MXTmpFiles\system.tmp_save
2025-12-06 17:07:08,807 [INFO] CodeEngine:257 - Generated code: D:\MCU\MCU_ASSIGNMENT\MCU_ASSIGNMENT\MXTmpFiles\system.tmp
2025-12-06 17:07:08,818 [INFO] CodeEngine:239 - oldGeneratedFile, D:\MCU\MCU_ASSIGNMENT\MCU_ASSIGNMENT\Core\Inc\stm32f1xx_hal_conf.h_save
2025-12-06 17:07:08,892 [INFO] CodeEngine:257 - Generated code: D:\MCU\MCU_ASSIGNMENT\MCU_ASSIGNMENT\Core\Inc\stm32f1xx_hal_conf.h
2025-12-06 17:07:08,916 [WARN] IPConfigManager:3148 - IP not found : TIM
2025-12-06 17:07:08,916 [WARN] CodeGenerator:3268 - IP not found : null
2025-12-06 17:07:08,929 [INFO] CodeEngine:239 - oldGeneratedFile, D:\MCU\MCU_ASSIGNMENT\MCU_ASSIGNMENT\Core\Inc\main.h_save
2025-12-06 17:07:09,001 [INFO] CodeEngine:257 - Generated code: D:\MCU\MCU_ASSIGNMENT\MCU_ASSIGNMENT\Core\Inc\main.h
2025-12-06 17:07:09,015 [INFO] CodeEngine:239 - oldGeneratedFile, D:\MCU\MCU_ASSIGNMENT\MCU_ASSIGNMENT\Core\Src\main.c_save
2025-12-06 17:07:09,116 [INFO] CodeEngine:257 - Generated code: D:\MCU\MCU_ASSIGNMENT\MCU_ASSIGNMENT\Core\Src\main.c
2025-12-06 17:07:09,764 [INFO] ProjectBuilder:2578 - Time for Copy HAL[1] : 64mS.
2025-12-06 17:07:09,766 [INFO] ProjectBuilder:3622 - Project Generator version: 3.14.1
2025-12-06 17:07:10,177 [INFO] ConfigFileManager:1271 - The Die is : DIE410
2025-12-06 17:07:11,507 [INFO] ProjectBuilder:3789 - Time for Generating toolchain IDE Files: 1741mS.
2025-12-06 17:07:11,508 [INFO] ProjectBuilder:2457 - Time for Copy CMSIS : 0mS.
2025-12-06 17:07:11,509 [INFO] ProjectBuilder:2457 - Time for Copy CMSIS : 0mS.
2025-12-06 17:07:54,483 [WARN] IP:2125 - I2C_Coeff_DF not found: check if there is a RefParameter without a condition.
2025-12-06 17:07:54,483 [WARN] IP:2125 - Analog_Filter not found: check if there is a RefParameter without a condition.
2025-12-06 17:07:54,484 [WARN] IP:2125 - I2C_Coeff_DF not found: check if there is a RefParameter without a condition.
2025-12-06 17:07:54,484 [WARN] IP:2125 - Analog_Filter not found: check if there is a RefParameter without a condition.
2025-12-06 17:07:54,500 [WARN] IP:2125 - I2C_Coeff_DF not found: check if there is a RefParameter without a condition.
2025-12-06 17:07:54,500 [WARN] IP:2125 - Analog_Filter not found: check if there is a RefParameter without a condition.
2025-12-06 17:07:54,516 [WARN] IP:2125 - I2C_Coeff_DF not found: check if there is a RefParameter without a condition.
2025-12-06 17:07:54,516 [WARN] IP:2125 - Analog_Filter not found: check if there is a RefParameter without a condition.
2025-12-06 17:07:57,966 [INFO] UtilMem:74 - End SaveConfig() Used Memory: 968206448 Bytes (1073741824)
2025-12-06 17:07:59,093 [INFO] UtilMem:74 - End SaveConfig() Used Memory: 1001006560 Bytes (1073741824)
2025-12-06 17:08:02,465 [INFO] UtilMem:74 - End SaveConfig() Used Memory: 1028161104 Bytes (1073741824)
2025-12-06 17:08:02,632 [INFO] BlockDiagram:2740 - set Specific Code input for plugin: NVIC
2025-12-06 17:08:02,633 [INFO] BlockDiagram:2740 - set Specific Code input for plugin: USART
2025-12-06 17:08:02,633 [INFO] BlockDiagram:2740 - set Specific Code input for plugin: TIM1_8F1
2025-12-06 17:08:02,633 [INFO] BlockDiagram:2740 - set Specific Code input for plugin: SYS
2025-12-06 17:08:02,633 [INFO] BlockDiagram:2740 - set Specific Code input for plugin: GPIO
2025-12-06 17:08:02,633 [INFO] BlockDiagram:2740 - set Specific Code input for plugin: RCC
2025-12-06 17:08:02,633 [INFO] BlockDiagram:2740 - set Specific Code input for plugin: I2C
2025-12-06 17:08:02,633 [INFO] CodeGenerator:663 - code generatio: config db path: D:\STM32CubeIDE_1.7.0\STM32CubeIDE\plugins\com.st.stm32cube.common.mx_6.3.0.202107141111\\db\
2025-12-06 17:08:02,635 [WARN] IP:2125 - I2C_Coeff_DF not found: check if there is a RefParameter without a condition.
2025-12-06 17:08:02,635 [WARN] IP:2125 - Analog_Filter not found: check if there is a RefParameter without a condition.
2025-12-06 17:08:03,008 [INFO] CodeEngine:239 - oldGeneratedFile, D:\MCU\MCU_ASSIGNMENT\MCU_ASSIGNMENT\MXTmpFiles\license.tmp_save
2025-12-06 17:08:03,051 [INFO] CodeEngine:257 - Generated code: D:\MCU\MCU_ASSIGNMENT\MCU_ASSIGNMENT\MXTmpFiles\license.tmp
2025-12-06 17:08:03,081 [INFO] CodeEngine:239 - oldGeneratedFile, D:\MCU\MCU_ASSIGNMENT\MCU_ASSIGNMENT\MXTmpFiles\gpio.tmp_save
2025-12-06 17:08:03,126 [INFO] CodeEngine:257 - Generated code: D:\MCU\MCU_ASSIGNMENT\MCU_ASSIGNMENT\MXTmpFiles\gpio.tmp
2025-12-06 17:08:03,131 [ERROR] IPConfigManager:1513 - ERROR: the RefConfig I2C_Analogue is not available in your config.xml file
2025-12-06 17:08:03,131 [ERROR] IPConfigManager:1513 - ERROR: the RefConfig I2C_DigitalFolter is not available in your config.xml file
2025-12-06 17:08:03,298 [INFO] CodeEngine:239 - oldGeneratedFile, D:\MCU\MCU_ASSIGNMENT\MCU_ASSIGNMENT\Core\Src\stm32f1xx_it.c_save
2025-12-06 17:08:03,371 [INFO] CodeEngine:257 - Generated code: D:\MCU\MCU_ASSIGNMENT\MCU_ASSIGNMENT\Core\Src\stm32f1xx_it.c
2025-12-06 17:08:03,373 [INFO] CodeEngine:239 - oldGeneratedFile, D:\MCU\MCU_ASSIGNMENT\MCU_ASSIGNMENT\Core\Inc\stm32f1xx_it.h_save
2025-12-06 17:08:03,418 [INFO] CodeEngine:257 - Generated code: D:\MCU\MCU_ASSIGNMENT\MCU_ASSIGNMENT\Core\Inc\stm32f1xx_it.h
2025-12-06 17:08:03,432 [INFO] CodeEngine:239 - oldGeneratedFile, D:\MCU\MCU_ASSIGNMENT\MCU_ASSIGNMENT\Core\Src\stm32f1xx_hal_msp.c_save
2025-12-06 17:08:03,513 [INFO] CodeEngine:257 - Generated code: D:\MCU\MCU_ASSIGNMENT\MCU_ASSIGNMENT\Core\Src\stm32f1xx_hal_msp.c
2025-12-06 17:08:03,514 [INFO] CodeEngine:239 - oldGeneratedFile, D:\MCU\MCU_ASSIGNMENT\MCU_ASSIGNMENT\MXTmpFiles\system.tmp_save
2025-12-06 17:08:03,542 [INFO] CodeEngine:257 - Generated code: D:\MCU\MCU_ASSIGNMENT\MCU_ASSIGNMENT\MXTmpFiles\system.tmp
2025-12-06 17:08:03,556 [INFO] CodeEngine:239 - oldGeneratedFile, D:\MCU\MCU_ASSIGNMENT\MCU_ASSIGNMENT\Core\Inc\stm32f1xx_hal_conf.h_save
2025-12-06 17:08:03,627 [INFO] CodeEngine:257 - Generated code: D:\MCU\MCU_ASSIGNMENT\MCU_ASSIGNMENT\Core\Inc\stm32f1xx_hal_conf.h
2025-12-06 17:08:03,652 [WARN] IPConfigManager:3148 - IP not found : TIM
2025-12-06 17:08:03,653 [WARN] CodeGenerator:3268 - IP not found : null
2025-12-06 17:08:03,668 [INFO] CodeEngine:239 - oldGeneratedFile, D:\MCU\MCU_ASSIGNMENT\MCU_ASSIGNMENT\Core\Inc\main.h_save
2025-12-06 17:08:03,713 [INFO] CodeEngine:257 - Generated code: D:\MCU\MCU_ASSIGNMENT\MCU_ASSIGNMENT\Core\Inc\main.h
2025-12-06 17:08:03,724 [INFO] CodeEngine:239 - oldGeneratedFile, D:\MCU\MCU_ASSIGNMENT\MCU_ASSIGNMENT\Core\Src\main.c_save
2025-12-06 17:08:03,835 [INFO] CodeEngine:257 - Generated code: D:\MCU\MCU_ASSIGNMENT\MCU_ASSIGNMENT\Core\Src\main.c
2025-12-06 17:08:04,465 [INFO] ProjectBuilder:2578 - Time for Copy HAL[1] : 50mS.
2025-12-06 17:08:04,467 [INFO] ProjectBuilder:3622 - Project Generator version: 3.14.1
2025-12-06 17:08:04,870 [INFO] ConfigFileManager:1271 - The Die is : DIE410
2025-12-06 17:08:06,399 [INFO] ProjectBuilder:3789 - Time for Generating toolchain IDE Files: 1932mS.
2025-12-06 17:08:06,399 [INFO] ProjectBuilder:2457 - Time for Copy CMSIS : 0mS.
2025-12-06 17:08:06,401 [INFO] ProjectBuilder:2457 - Time for Copy CMSIS : 0mS.
2025-12-06 17:10:24,193 [WARN] IP:2125 - I2C_Coeff_DF not found: check if there is a RefParameter without a condition.
2025-12-06 17:10:24,193 [WARN] IP:2125 - Analog_Filter not found: check if there is a RefParameter without a condition.
2025-12-06 17:10:24,222 [WARN] IP:2125 - I2C_Coeff_DF not found: check if there is a RefParameter without a condition.
2025-12-06 17:10:24,222 [WARN] IP:2125 - Analog_Filter not found: check if there is a RefParameter without a condition.
2025-12-06 17:10:24,223 [WARN] IP:2125 - I2C_Coeff_DF not found: check if there is a RefParameter without a condition.
2025-12-06 17:10:24,223 [WARN] IP:2125 - Analog_Filter not found: check if there is a RefParameter without a condition.
2025-12-06 17:10:24,285 [WARN] IP:2125 - I2C_Coeff_DF not found: check if there is a RefParameter without a condition.
2025-12-06 17:10:24,285 [WARN] IP:2125 - Analog_Filter not found: check if there is a RefParameter without a condition.
2025-12-06 17:10:24,286 [WARN] IP:2125 - I2C_Coeff_DF not found: check if there is a RefParameter without a condition.
2025-12-06 17:10:24,286 [WARN] IP:2125 - Analog_Filter not found: check if there is a RefParameter without a condition.
2025-12-06 17:10:24,307 [WARN] IP:2125 - I2C_Coeff_DF not found: check if there is a RefParameter without a condition.
2025-12-06 17:10:24,307 [WARN] IP:2125 - Analog_Filter not found: check if there is a RefParameter without a condition.
2025-12-06 17:10:24,325 [WARN] IP:2125 - I2C_Coeff_DF not found: check if there is a RefParameter without a condition.
2025-12-06 17:10:24,325 [WARN] IP:2125 - Analog_Filter not found: check if there is a RefParameter without a condition.
2025-12-06 17:10:34,876 [WARN] IP:2125 - I2C_Coeff_DF not found: check if there is a RefParameter without a condition.
2025-12-06 17:10:34,876 [WARN] IP:2125 - Analog_Filter not found: check if there is a RefParameter without a condition.
2025-12-06 17:10:34,905 [WARN] IP:2125 - I2C_Coeff_DF not found: check if there is a RefParameter without a condition.
2025-12-06 17:10:34,905 [WARN] IP:2125 - Analog_Filter not found: check if there is a RefParameter without a condition.
2025-12-06 17:10:34,905 [WARN] IP:2125 - I2C_Coeff_DF not found: check if there is a RefParameter without a condition.
2025-12-06 17:10:34,905 [WARN] IP:2125 - Analog_Filter not found: check if there is a RefParameter without a condition.
2025-12-06 17:10:34,955 [WARN] IP:2125 - I2C_Coeff_DF not found: check if there is a RefParameter without a condition.
2025-12-06 17:10:34,955 [WARN] IP:2125 - Analog_Filter not found: check if there is a RefParameter without a condition.
2025-12-06 17:10:34,956 [WARN] IP:2125 - I2C_Coeff_DF not found: check if there is a RefParameter without a condition.
2025-12-06 17:10:34,956 [WARN] IP:2125 - Analog_Filter not found: check if there is a RefParameter without a condition.
2025-12-06 17:10:34,974 [WARN] IP:2125 - I2C_Coeff_DF not found: check if there is a RefParameter without a condition.
2025-12-06 17:10:34,974 [WARN] IP:2125 - Analog_Filter not found: check if there is a RefParameter without a condition.
2025-12-06 17:10:34,990 [WARN] IP:2125 - I2C_Coeff_DF not found: check if there is a RefParameter without a condition.
2025-12-06 17:10:34,990 [WARN] IP:2125 - Analog_Filter not found: check if there is a RefParameter without a condition.
2025-12-06 17:12:48,434 [WARN] IP:2125 - I2C_Coeff_DF not found: check if there is a RefParameter without a condition.
2025-12-06 17:12:48,434 [WARN] IP:2125 - Analog_Filter not found: check if there is a RefParameter without a condition.
2025-12-06 17:12:48,466 [WARN] IP:2125 - I2C_Coeff_DF not found: check if there is a RefParameter without a condition.
2025-12-06 17:12:48,466 [WARN] IP:2125 - Analog_Filter not found: check if there is a RefParameter without a condition.
2025-12-06 17:12:48,466 [WARN] IP:2125 - I2C_Coeff_DF not found: check if there is a RefParameter without a condition.
2025-12-06 17:12:48,466 [WARN] IP:2125 - Analog_Filter not found: check if there is a RefParameter without a condition.
2025-12-06 17:12:48,526 [WARN] IP:2125 - I2C_Coeff_DF not found: check if there is a RefParameter without a condition.
2025-12-06 17:12:48,526 [WARN] IP:2125 - Analog_Filter not found: check if there is a RefParameter without a condition.
2025-12-06 17:12:48,526 [WARN] IP:2125 - I2C_Coeff_DF not found: check if there is a RefParameter without a condition.
2025-12-06 17:12:48,526 [WARN] IP:2125 - Analog_Filter not found: check if there is a RefParameter without a condition.
2025-12-06 17:12:48,542 [WARN] IP:2125 - I2C_Coeff_DF not found: check if there is a RefParameter without a condition.
2025-12-06 17:12:48,542 [WARN] IP:2125 - Analog_Filter not found: check if there is a RefParameter without a condition.
2025-12-06 17:12:48,557 [WARN] IP:2125 - I2C_Coeff_DF not found: check if there is a RefParameter without a condition.
2025-12-06 17:12:48,557 [WARN] IP:2125 - Analog_Filter not found: check if there is a RefParameter without a condition.
2025-12-06 17:12:51,318 [INFO] UtilMem:74 - End SaveConfig() Used Memory: 1000963688 Bytes (1073741824)
2025-12-06 17:12:53,298 [INFO] UtilMem:74 - End SaveConfig() Used Memory: 987163200 Bytes (1073741824)
2025-12-06 17:12:54,268 [INFO] UtilMem:74 - End SaveConfig() Used Memory: 1021510824 Bytes (1073741824)
2025-12-06 17:12:54,448 [INFO] BlockDiagram:2740 - set Specific Code input for plugin: NVIC
2025-12-06 17:12:54,449 [INFO] BlockDiagram:2740 - set Specific Code input for plugin: USART
2025-12-06 17:12:54,449 [INFO] BlockDiagram:2740 - set Specific Code input for plugin: TIM1_8F1
2025-12-06 17:12:54,449 [INFO] BlockDiagram:2740 - set Specific Code input for plugin: SYS
2025-12-06 17:12:54,449 [INFO] BlockDiagram:2740 - set Specific Code input for plugin: GPIO
2025-12-06 17:12:54,449 [INFO] BlockDiagram:2740 - set Specific Code input for plugin: RCC
2025-12-06 17:12:54,449 [INFO] BlockDiagram:2740 - set Specific Code input for plugin: I2C
2025-12-06 17:12:54,450 [INFO] CodeGenerator:663 - code generatio: config db path: D:\STM32CubeIDE_1.7.0\STM32CubeIDE\plugins\com.st.stm32cube.common.mx_6.3.0.202107141111\\db\
2025-12-06 17:12:54,452 [WARN] IP:2125 - I2C_Coeff_DF not found: check if there is a RefParameter without a condition.
2025-12-06 17:12:54,453 [WARN] IP:2125 - Analog_Filter not found: check if there is a RefParameter without a condition.
2025-12-06 17:12:54,821 [INFO] CodeEngine:239 - oldGeneratedFile, D:\MCU\MCU_ASSIGNMENT\MCU_ASSIGNMENT\MXTmpFiles\license.tmp_save
2025-12-06 17:12:54,867 [INFO] CodeEngine:257 - Generated code: D:\MCU\MCU_ASSIGNMENT\MCU_ASSIGNMENT\MXTmpFiles\license.tmp
2025-12-06 17:12:54,888 [INFO] CodeEngine:239 - oldGeneratedFile, D:\MCU\MCU_ASSIGNMENT\MCU_ASSIGNMENT\MXTmpFiles\gpio.tmp_save
2025-12-06 17:12:54,944 [INFO] CodeEngine:257 - Generated code: D:\MCU\MCU_ASSIGNMENT\MCU_ASSIGNMENT\MXTmpFiles\gpio.tmp
2025-12-06 17:12:54,948 [ERROR] IPConfigManager:1513 - ERROR: the RefConfig I2C_Analogue is not available in your config.xml file
2025-12-06 17:12:54,948 [ERROR] IPConfigManager:1513 - ERROR: the RefConfig I2C_DigitalFolter is not available in your config.xml file
2025-12-06 17:12:55,098 [INFO] CodeEngine:239 - oldGeneratedFile, D:\MCU\MCU_ASSIGNMENT\MCU_ASSIGNMENT\Core\Src\stm32f1xx_it.c_save
2025-12-06 17:12:55,161 [INFO] CodeEngine:257 - Generated code: D:\MCU\MCU_ASSIGNMENT\MCU_ASSIGNMENT\Core\Src\stm32f1xx_it.c
2025-12-06 17:12:55,164 [INFO] CodeEngine:239 - oldGeneratedFile, D:\MCU\MCU_ASSIGNMENT\MCU_ASSIGNMENT\Core\Inc\stm32f1xx_it.h_save
2025-12-06 17:12:55,202 [INFO] CodeEngine:257 - Generated code: D:\MCU\MCU_ASSIGNMENT\MCU_ASSIGNMENT\Core\Inc\stm32f1xx_it.h
2025-12-06 17:12:55,219 [INFO] CodeEngine:239 - oldGeneratedFile, D:\MCU\MCU_ASSIGNMENT\MCU_ASSIGNMENT\Core\Src\stm32f1xx_hal_msp.c_save
2025-12-06 17:12:55,311 [INFO] CodeEngine:257 - Generated code: D:\MCU\MCU_ASSIGNMENT\MCU_ASSIGNMENT\Core\Src\stm32f1xx_hal_msp.c
2025-12-06 17:12:55,313 [INFO] CodeEngine:239 - oldGeneratedFile, D:\MCU\MCU_ASSIGNMENT\MCU_ASSIGNMENT\MXTmpFiles\system.tmp_save
2025-12-06 17:12:55,344 [INFO] CodeEngine:257 - Generated code: D:\MCU\MCU_ASSIGNMENT\MCU_ASSIGNMENT\MXTmpFiles\system.tmp
2025-12-06 17:12:55,355 [INFO] CodeEngine:239 - oldGeneratedFile, D:\MCU\MCU_ASSIGNMENT\MCU_ASSIGNMENT\Core\Inc\stm32f1xx_hal_conf.h_save
2025-12-06 17:12:55,419 [INFO] CodeEngine:257 - Generated code: D:\MCU\MCU_ASSIGNMENT\MCU_ASSIGNMENT\Core\Inc\stm32f1xx_hal_conf.h
2025-12-06 17:12:55,438 [WARN] IPConfigManager:3148 - IP not found : TIM
2025-12-06 17:12:55,439 [WARN] CodeGenerator:3268 - IP not found : null
2025-12-06 17:12:55,449 [INFO] CodeEngine:239 - oldGeneratedFile, D:\MCU\MCU_ASSIGNMENT\MCU_ASSIGNMENT\Core\Inc\main.h_save
2025-12-06 17:12:55,489 [INFO] CodeEngine:257 - Generated code: D:\MCU\MCU_ASSIGNMENT\MCU_ASSIGNMENT\Core\Inc\main.h
2025-12-06 17:12:55,499 [INFO] CodeEngine:239 - oldGeneratedFile, D:\MCU\MCU_ASSIGNMENT\MCU_ASSIGNMENT\Core\Src\main.c_save
2025-12-06 17:12:55,599 [INFO] CodeEngine:257 - Generated code: D:\MCU\MCU_ASSIGNMENT\MCU_ASSIGNMENT\Core\Src\main.c
2025-12-06 17:12:56,212 [INFO] ProjectBuilder:2578 - Time for Copy HAL[1] : 50mS.
2025-12-06 17:12:56,213 [INFO] ProjectBuilder:3622 - Project Generator version: 3.14.1
2025-12-06 17:12:56,647 [INFO] ConfigFileManager:1271 - The Die is : DIE410
2025-12-06 17:12:57,940 [INFO] ProjectBuilder:3789 - Time for Generating toolchain IDE Files: 1727mS.
2025-12-06 17:12:57,940 [INFO] ProjectBuilder:2457 - Time for Copy CMSIS : 0mS.
2025-12-06 17:12:57,942 [INFO] ProjectBuilder:2457 - Time for Copy CMSIS : 0mS.
2025-12-06 17:19:02,178 [WARN] IP:2125 - I2C_Coeff_DF not found: check if there is a RefParameter without a condition.
2025-12-06 17:19:02,178 [WARN] IP:2125 - Analog_Filter not found: check if there is a RefParameter without a condition.
2025-12-06 17:19:02,181 [WARN] IP:2125 - I2C_Coeff_DF not found: check if there is a RefParameter without a condition.
2025-12-06 17:19:02,181 [WARN] IP:2125 - Analog_Filter not found: check if there is a RefParameter without a condition.
2025-12-06 17:19:16,250 [WARN] IP:2125 - I2C_Coeff_DF not found: check if there is a RefParameter without a condition.
2025-12-06 17:19:16,250 [WARN] IP:2125 - Analog_Filter not found: check if there is a RefParameter without a condition.
2025-12-06 17:19:16,250 [WARN] IP:2125 - I2C_Coeff_DF not found: check if there is a RefParameter without a condition.
2025-12-06 17:19:16,251 [WARN] IP:2125 - Analog_Filter not found: check if there is a RefParameter without a condition.
2025-12-06 17:19:16,259 [WARN] IP:2125 - I2C_Coeff_DF not found: check if there is a RefParameter without a condition.
2025-12-06 17:19:16,259 [WARN] IP:2125 - Analog_Filter not found: check if there is a RefParameter without a condition.
2025-12-06 17:19:16,271 [WARN] IP:2125 - I2C_Coeff_DF not found: check if there is a RefParameter without a condition.
2025-12-06 17:19:16,271 [WARN] IP:2125 - Analog_Filter not found: check if there is a RefParameter without a condition.
2025-12-06 17:19:16,305 [WARN] IP:2125 - I2C_Coeff_DF not found: check if there is a RefParameter without a condition.
2025-12-06 17:19:16,306 [WARN] IP:2125 - Analog_Filter not found: check if there is a RefParameter without a condition.
2025-12-06 17:19:16,309 [WARN] IP:2125 - I2C_Coeff_DF not found: check if there is a RefParameter without a condition.
2025-12-06 17:19:16,310 [WARN] IP:2125 - Analog_Filter not found: check if there is a RefParameter without a condition.
2025-12-06 17:19:51,836 [WARN] IP:2125 - I2C_Coeff_DF not found: check if there is a RefParameter without a condition.
2025-12-06 17:19:51,836 [WARN] IP:2125 - Analog_Filter not found: check if there is a RefParameter without a condition.
2025-12-06 17:19:51,873 [WARN] IP:2125 - I2C_Coeff_DF not found: check if there is a RefParameter without a condition.
2025-12-06 17:19:51,873 [WARN] IP:2125 - Analog_Filter not found: check if there is a RefParameter without a condition.
2025-12-06 17:19:51,874 [WARN] IP:2125 - I2C_Coeff_DF not found: check if there is a RefParameter without a condition.
2025-12-06 17:19:51,874 [WARN] IP:2125 - Analog_Filter not found: check if there is a RefParameter without a condition.
2025-12-06 17:19:51,922 [WARN] IP:2125 - I2C_Coeff_DF not found: check if there is a RefParameter without a condition.
2025-12-06 17:19:51,922 [WARN] IP:2125 - Analog_Filter not found: check if there is a RefParameter without a condition.
2025-12-06 17:19:51,925 [WARN] IP:2125 - I2C_Coeff_DF not found: check if there is a RefParameter without a condition.
2025-12-06 17:19:51,925 [WARN] IP:2125 - Analog_Filter not found: check if there is a RefParameter without a condition.
2025-12-06 17:19:51,966 [WARN] IP:2125 - I2C_Coeff_DF not found: check if there is a RefParameter without a condition.
2025-12-06 17:19:51,967 [WARN] IP:2125 - Analog_Filter not found: check if there is a RefParameter without a condition.
2025-12-06 17:19:51,967 [WARN] IP:2125 - I2C_Coeff_DF not found: check if there is a RefParameter without a condition.
2025-12-06 17:19:51,967 [WARN] IP:2125 - Analog_Filter not found: check if there is a RefParameter without a condition.
2025-12-06 17:19:51,984 [WARN] IP:2125 - I2C_Coeff_DF not found: check if there is a RefParameter without a condition.
2025-12-06 17:19:51,984 [WARN] IP:2125 - Analog_Filter not found: check if there is a RefParameter without a condition.
2025-12-06 17:19:51,998 [WARN] IP:2125 - I2C_Coeff_DF not found: check if there is a RefParameter without a condition.
2025-12-06 17:19:51,998 [WARN] IP:2125 - Analog_Filter not found: check if there is a RefParameter without a condition.
2025-12-06 17:19:52,029 [WARN] IP:2125 - I2C_Coeff_DF not found: check if there is a RefParameter without a condition.
2025-12-06 17:19:52,029 [WARN] IP:2125 - Analog_Filter not found: check if there is a RefParameter without a condition.
2025-12-06 17:19:52,031 [WARN] IP:2125 - I2C_Coeff_DF not found: check if there is a RefParameter without a condition.
2025-12-06 17:19:52,031 [WARN] IP:2125 - Analog_Filter not found: check if there is a RefParameter without a condition.
2025-12-06 17:19:54,538 [WARN] IP:2125 - I2C_Coeff_DF not found: check if there is a RefParameter without a condition.
2025-12-06 17:19:54,538 [WARN] IP:2125 - Analog_Filter not found: check if there is a RefParameter without a condition.
2025-12-06 17:19:54,567 [WARN] IP:2125 - I2C_Coeff_DF not found: check if there is a RefParameter without a condition.
2025-12-06 17:19:54,567 [WARN] IP:2125 - Analog_Filter not found: check if there is a RefParameter without a condition.
2025-12-06 17:19:54,567 [WARN] IP:2125 - I2C_Coeff_DF not found: check if there is a RefParameter without a condition.
2025-12-06 17:19:54,568 [WARN] IP:2125 - Analog_Filter not found: check if there is a RefParameter without a condition.
2025-12-06 17:19:54,608 [WARN] IP:2125 - I2C_Coeff_DF not found: check if there is a RefParameter without a condition.
2025-12-06 17:19:54,608 [WARN] IP:2125 - Analog_Filter not found: check if there is a RefParameter without a condition.
2025-12-06 17:19:54,611 [WARN] IP:2125 - I2C_Coeff_DF not found: check if there is a RefParameter without a condition.
2025-12-06 17:19:54,611 [WARN] IP:2125 - Analog_Filter not found: check if there is a RefParameter without a condition.
2025-12-06 17:19:54,650 [WARN] IP:2125 - I2C_Coeff_DF not found: check if there is a RefParameter without a condition.
2025-12-06 17:19:54,651 [WARN] IP:2125 - Analog_Filter not found: check if there is a RefParameter without a condition.
2025-12-06 17:19:54,651 [WARN] IP:2125 - I2C_Coeff_DF not found: check if there is a RefParameter without a condition.
2025-12-06 17:19:54,651 [WARN] IP:2125 - Analog_Filter not found: check if there is a RefParameter without a condition.
2025-12-06 17:19:54,671 [WARN] IP:2125 - I2C_Coeff_DF not found: check if there is a RefParameter without a condition.
2025-12-06 17:19:54,671 [WARN] IP:2125 - Analog_Filter not found: check if there is a RefParameter without a condition.
2025-12-06 17:19:54,687 [WARN] IP:2125 - I2C_Coeff_DF not found: check if there is a RefParameter without a condition.
2025-12-06 17:19:54,687 [WARN] IP:2125 - Analog_Filter not found: check if there is a RefParameter without a condition.
2025-12-06 17:19:54,718 [WARN] IP:2125 - I2C_Coeff_DF not found: check if there is a RefParameter without a condition.
2025-12-06 17:19:54,718 [WARN] IP:2125 - Analog_Filter not found: check if there is a RefParameter without a condition.
2025-12-06 17:19:54,721 [WARN] IP:2125 - I2C_Coeff_DF not found: check if there is a RefParameter without a condition.
2025-12-06 17:19:54,721 [WARN] IP:2125 - Analog_Filter not found: check if there is a RefParameter without a condition.
2025-12-06 17:20:04,365 [INFO] NvicIntPanel:96 - NVIC parent = com.st.microxplorer.plugins.ip.nvic.MultiNvicIntPanel[,0,0,536x246,layout=javax.swing.BoxLayout,alignmentX=0.0,alignmentY=0.0,border=,flags=9,maximumSize=,minimumSize=,preferredSize=]
2025-12-06 17:20:10,302 [WARN] IP:2125 - I2C_Coeff_DF not found: check if there is a RefParameter without a condition.
2025-12-06 17:20:10,302 [WARN] IP:2125 - Analog_Filter not found: check if there is a RefParameter without a condition.
2025-12-06 17:20:10,304 [WARN] IP:2125 - I2C_Coeff_DF not found: check if there is a RefParameter without a condition.
2025-12-06 17:20:10,304 [WARN] IP:2125 - Analog_Filter not found: check if there is a RefParameter without a condition.
2025-12-06 17:20:11,679 [INFO] UtilMem:74 - End SaveConfig() Used Memory: 979016920 Bytes (1073741824)
2025-12-06 17:20:12,888 [INFO] UtilMem:74 - End SaveConfig() Used Memory: 1005231320 Bytes (1073741824)
2025-12-06 17:20:13,837 [INFO] UtilMem:74 - End SaveConfig() Used Memory: 1008953504 Bytes (1073741824)
2025-12-06 17:20:14,010 [INFO] BlockDiagram:2740 - set Specific Code input for plugin: NVIC
2025-12-06 17:20:14,010 [INFO] BlockDiagram:2740 - set Specific Code input for plugin: USART
2025-12-06 17:20:14,010 [INFO] BlockDiagram:2740 - set Specific Code input for plugin: TIM1_8F1
2025-12-06 17:20:14,010 [INFO] BlockDiagram:2740 - set Specific Code input for plugin: SYS
2025-12-06 17:20:14,011 [INFO] BlockDiagram:2740 - set Specific Code input for plugin: GPIO
2025-12-06 17:20:14,011 [INFO] BlockDiagram:2740 - set Specific Code input for plugin: RCC
2025-12-06 17:20:14,011 [INFO] BlockDiagram:2740 - set Specific Code input for plugin: I2C
2025-12-06 17:20:14,011 [INFO] CodeGenerator:663 - code generatio: config db path: D:\STM32CubeIDE_1.7.0\STM32CubeIDE\plugins\com.st.stm32cube.common.mx_6.3.0.202107141111\\db\
2025-12-06 17:20:14,013 [WARN] IP:2125 - I2C_Coeff_DF not found: check if there is a RefParameter without a condition.
2025-12-06 17:20:14,013 [WARN] IP:2125 - Analog_Filter not found: check if there is a RefParameter without a condition.
2025-12-06 17:20:14,379 [INFO] CodeEngine:239 - oldGeneratedFile, D:\MCU\MCU_ASSIGNMENT\MCU_ASSIGNMENT\MXTmpFiles\license.tmp_save
2025-12-06 17:20:14,423 [INFO] CodeEngine:257 - Generated code: D:\MCU\MCU_ASSIGNMENT\MCU_ASSIGNMENT\MXTmpFiles\license.tmp
2025-12-06 17:20:14,454 [INFO] CodeEngine:239 - oldGeneratedFile, D:\MCU\MCU_ASSIGNMENT\MCU_ASSIGNMENT\MXTmpFiles\gpio.tmp_save
2025-12-06 17:20:14,508 [INFO] CodeEngine:257 - Generated code: D:\MCU\MCU_ASSIGNMENT\MCU_ASSIGNMENT\MXTmpFiles\gpio.tmp
2025-12-06 17:20:14,513 [ERROR] IPConfigManager:1513 - ERROR: the RefConfig I2C_Analogue is not available in your config.xml file
2025-12-06 17:20:14,513 [ERROR] IPConfigManager:1513 - ERROR: the RefConfig I2C_DigitalFolter is not available in your config.xml file
2025-12-06 17:20:14,654 [INFO] CodeEngine:239 - oldGeneratedFile, D:\MCU\MCU_ASSIGNMENT\MCU_ASSIGNMENT\Core\Src\stm32f1xx_it.c_save
2025-12-06 17:20:14,707 [INFO] CodeEngine:257 - Generated code: D:\MCU\MCU_ASSIGNMENT\MCU_ASSIGNMENT\Core\Src\stm32f1xx_it.c
2025-12-06 17:20:14,710 [INFO] CodeEngine:239 - oldGeneratedFile, D:\MCU\MCU_ASSIGNMENT\MCU_ASSIGNMENT\Core\Inc\stm32f1xx_it.h_save
2025-12-06 17:20:14,746 [INFO] CodeEngine:257 - Generated code: D:\MCU\MCU_ASSIGNMENT\MCU_ASSIGNMENT\Core\Inc\stm32f1xx_it.h
2025-12-06 17:20:14,761 [INFO] CodeEngine:239 - oldGeneratedFile, D:\MCU\MCU_ASSIGNMENT\MCU_ASSIGNMENT\Core\Src\stm32f1xx_hal_msp.c_save
2025-12-06 17:20:14,829 [INFO] CodeEngine:257 - Generated code: D:\MCU\MCU_ASSIGNMENT\MCU_ASSIGNMENT\Core\Src\stm32f1xx_hal_msp.c
2025-12-06 17:20:14,832 [INFO] CodeEngine:239 - oldGeneratedFile, D:\MCU\MCU_ASSIGNMENT\MCU_ASSIGNMENT\MXTmpFiles\system.tmp_save
2025-12-06 17:20:14,862 [INFO] CodeEngine:257 - Generated code: D:\MCU\MCU_ASSIGNMENT\MCU_ASSIGNMENT\MXTmpFiles\system.tmp
2025-12-06 17:20:14,873 [INFO] CodeEngine:239 - oldGeneratedFile, D:\MCU\MCU_ASSIGNMENT\MCU_ASSIGNMENT\Core\Inc\stm32f1xx_hal_conf.h_save
2025-12-06 17:20:14,941 [INFO] CodeEngine:257 - Generated code: D:\MCU\MCU_ASSIGNMENT\MCU_ASSIGNMENT\Core\Inc\stm32f1xx_hal_conf.h
2025-12-06 17:20:14,960 [WARN] IPConfigManager:3148 - IP not found : TIM
2025-12-06 17:20:14,961 [WARN] CodeGenerator:3268 - IP not found : null
2025-12-06 17:20:14,971 [INFO] CodeEngine:239 - oldGeneratedFile, D:\MCU\MCU_ASSIGNMENT\MCU_ASSIGNMENT\Core\Inc\main.h_save
2025-12-06 17:20:15,007 [INFO] CodeEngine:257 - Generated code: D:\MCU\MCU_ASSIGNMENT\MCU_ASSIGNMENT\Core\Inc\main.h
2025-12-06 17:20:15,017 [INFO] CodeEngine:239 - oldGeneratedFile, D:\MCU\MCU_ASSIGNMENT\MCU_ASSIGNMENT\Core\Src\main.c_save
2025-12-06 17:20:15,113 [INFO] CodeEngine:257 - Generated code: D:\MCU\MCU_ASSIGNMENT\MCU_ASSIGNMENT\Core\Src\main.c
2025-12-06 17:20:15,728 [INFO] ProjectBuilder:2578 - Time for Copy HAL[1] : 49mS.
2025-12-06 17:20:15,730 [INFO] ProjectBuilder:3622 - Project Generator version: 3.14.1
2025-12-06 17:20:16,140 [INFO] ConfigFileManager:1271 - The Die is : DIE410
2025-12-06 17:20:17,576 [INFO] ProjectBuilder:3789 - Time for Generating toolchain IDE Files: 1846mS.
2025-12-06 17:20:17,577 [INFO] ProjectBuilder:2457 - Time for Copy CMSIS : 1mS.
2025-12-06 17:20:17,578 [INFO] ProjectBuilder:2457 - Time for Copy CMSIS : 0mS.
